CandidateID,Name,Age,Education,Skills,Interests,Recommended_Career,Recommendation_Score,data_source,Gender,Education Level,Job Title,Years of Experience,Salary
1.0,John Doe,28.0,Bachelor's,Python;Data Analysis;Machine Learning,Technology;Data Science,Data Scientist,0.95,career_recommendations,Male,Bachelor's,Software Engineer,5.0,90000.0
2.0,Jane Smith,32.0,Master's,Java;System Design;Cloud Computing,Software Development;AI,Software Engineer,0.9,career_recommendations,Male,Bachelor's,Software Engineer,5.0,90000.0
3.0,Bob Johnson,24.0,Bachelor's,Graphic Design;UI/UX;Adobe Creative Suite,Arts;Digital Media,UX Designer,0.88,career_recommendations,Male,Bachelor's,Software Engineer,5.0,90000.0
4.0,Emily Davis,26.0,Bachelor's,Python;Deep Learning;Statistics,Healthcare;AI,AI Researcher,0.93,career_recommendations,Male,Bachelor's,Software Engineer,5.0,90000.0
5.0,Michael Brown,30.0,Master's,Project Management;Communication;Agile,Business;Management,Project Manager,0.87,career_recommendations,Male,Bachelor's,Software Engineer,5.0,90000.0
6.0,Sarah Wilson,27.0,Bachelor's,C++;Embedded Systems;IoT,Electronics;Automation,Embedded Systems Engineer,0.91,career_recommendations,Male,Bachelor's,Software Engineer,5.0,90000.0
7.0,David Lee,35.0,Master's,SQL;Data Warehousing;ETL,Finance;Analytics,Data Analyst,0.89,career_recommendations,Male,Bachelor's,Software Engineer,5.0,90000.0
8.0,Laura Martinez,29.0,Bachelor's,Content Writing;SEO;Social Media,Marketing;Communications,Digital Marketer,0.86,career_recommendations,Male,Bachelor's,Software Engineer,5.0,90000.0
9.0,Kevin White,31.0,Bachelor's,Python;Natural Language Processing;Machine Learning,Linguistics;Technology,NLP Engineer,0.92,career_recommendations,Male,Bachelor's,Software Engineer,5.0,90000.0
10.0,Karen Thompson,33.0,Master's,Financial Analysis;Excel;Econometrics,Finance;Data Analysis,Financial Analyst,0.9,career_recommendations,Male,Bachelor's,Software Engineer,5.0,90000.0
11.0,Richard Anderson,40.0,PhD,Research;Statistical Analysis;Python,Academia;Biotech,Research Scientist,0.94,career_recommendations,Male,Bachelor's,Software Engineer,5.0,90000.0
12.0,Jessica Taylor,22.0,Bachelor's,HTML;CSS;JavaScript,Web Development;Design,Front-end Developer,0.85,career_recommendations,Male,Bachelor's,Software Engineer,5.0,90000.0
13.0,Daniel Moore,26.0,Bachelor's,Java;Algorithms;Data Structures,Software Engineering;Coding,Software Developer,0.88,career_recommendations,Male,Bachelor's,Software Engineer,5.0,90000.0
14.0,Olivia Jackson,28.0,Master's,Data Visualization;Python;R,Data Analysis;Statistics,Data Analyst,0.9,career_recommendations,Male,Bachelor's,Software Engineer,5.0,90000.0
15.0,William Martin,34.0,Master's,Machine Learning;Big Data;Python,Technology;Innovation,Machine Learning Engineer,0.93,career_recommendations,Male,Bachelor's,Software Engineer,5.0,90000.0
16.0,Sophia Lee,30.0,Bachelor's,Digital Marketing;Content Creation;SEO,Marketing;Social Media,Digital Marketer,0.87,career_recommendations,Male,Bachelor's,Software Engineer,5.0,90000.0
17.0,James Perez,29.0,Bachelor's,Python;Data Mining;Statistics,Data Science;Finance,Data Scientist,0.92,career_recommendations,Male,Bachelor's,Software Engineer,5.0,90000.0
18.0,Ava Thompson,25.0,Bachelor's,C#;.NET;Software Design,Technology;Gaming,Software Developer,0.86,career_recommendations,Male,Bachelor's,Software Engineer,5.0,90000.0
19.0,Henry Gonzalez,31.0,Master's,Project Management;Risk Analysis;Negotiation,Business;Management,Project Manager,0.89,career_recommendations,Male,Bachelor's,Software Engineer,5.0,90000.0
20.0,Mia Robinson,27.0,Bachelor's,User Research;UX Design;Prototyping,Design;Technology,UX Designer,0.9,career_recommendations,Male,Bachelor's,Software Engineer,5.0,90000.0
21.0,Ethan Clark,24.0,Bachelor's,Python;Data Analysis;SQL,Finance;Analytics,Data Analyst,0.88,career_recommendations,Male,Bachelor's,Software Engineer,5.0,90000.0
22.0,Isabella Rodriguez,28.0,Master's,Marketing Strategy;Digital Marketing;CRM,Marketing;Business,Marketing Manager,0.91,career_recommendations,Male,Bachelor's,Software Engineer,5.0,90000.0
23.0,Liam Lewis,26.0,Bachelor's,JavaScript;React;Node.js,Web Development;Technology,Full Stack Developer,0.87,career_recommendations,Male,Bachelor's,Software Engineer,5.0,90000.0
24.0,Chloe Walker,32.0,Master's,Data Science;Machine Learning;Python,Healthcare;AI,AI Specialist,0.92,career_recommendations,Male,Bachelor's,Software Engineer,5.0,90000.0
25.0,Noah Hall,35.0,Bachelor's,Network Security;Linux;Python,Cybersecurity;Technology,Cybersecurity Analyst,0.89,career_recommendations,Male,Bachelor's,Software Engineer,5.0,90000.0
26.0,Emma Allen,29.0,Master's,Python;Statistics;Data Mining,Academia;Research,Research Analyst,0.9,career_recommendations,Male,Bachelor's,Software Engineer,5.0,90000.0
27.0,Mason Young,33.0,Bachelor's,Cloud Computing;DevOps;Python,Technology;Business,DevOps Engineer,0.91,career_recommendations,Male,Bachelor's,Software Engineer,5.0,90000.0
28.0,Harper King,27.0,Bachelor's,Content Creation;Graphic Design;Adobe Photoshop,Digital Media;Marketing,Graphic Designer,0.86,career_recommendations,Male,Bachelor's,Software Engineer,5.0,90000.0
29.0,Lucas Wright,31.0,Master's,Python;TensorFlow;Deep Learning,Technology;Research,Deep Learning Engineer,0.93,career_recommendations,Male,Bachelor's,Software Engineer,5.0,90000.0
30.0,Amelia Scott,26.0,Bachelor's,SQL;Data Warehousing;R,Business;Analytics,Business Analyst,0.88,career_recommendations,Male,Bachelor's,Software Engineer,5.0,90000.0
31.0,Oliver Green,30.0,Master's,Java;Spring;Microservices,Software Engineering;Finance,Backend Developer,0.89,career_recommendations,Male,Bachelor's,Software Engineer,5.0,90000.0
32.0,Grace Baker,24.0,Bachelor's,HTML;CSS;JavaScript;UX,Web Design;Technology,Front-end Developer,0.85,career_recommendations,Male,Bachelor's,Software Engineer,5.0,90000.0
33.0,Elijah Adams,28.0,Master's,Machine Learning;R;Python,Biotech;Data Science,Biostatistician,0.92,career_recommendations,Male,Bachelor's,Software Engineer,5.0,90000.0
34.0,Lily Nelson,29.0,Bachelor's,Digital Illustration;Adobe Illustrator;Creativity,Arts;Design,Graphic Designer,0.87,career_recommendations,Male,Bachelor's,Software Engineer,5.0,90000.0
35.0,Benjamin Carter,34.0,Master's,Python;Big Data;Machine Learning,Finance;Technology,Data Engineer,0.91,career_recommendations,Male,Bachelor's,Software Engineer,5.0,90000.0
36.0,Ella Mitchell,27.0,Bachelor's,Copywriting;SEO;Social Media,Marketing;Content,Content Strategist,0.86,career_recommendations,Male,Bachelor's,Software Engineer,5.0,90000.0
37.0,Sebastian Perez,30.0,Master's,Python;JavaScript;Data Visualization,Analytics;Business,Data Analyst,0.9,career_recommendations,Male,Bachelor's,Software Engineer,5.0,90000.0
38.0,Victoria Roberts,32.0,Bachelor's,Business Analysis;Excel;SQL,Business;Finance,Business Analyst,0.89,career_recommendations,Male,Bachelor's,Software Engineer,5.0,90000.0
39.0,Jack Turner,28.0,Bachelor's,Python;Automation;Data Analysis,Technology;Engineering,Automation Engineer,0.9,career_recommendations,Male,Bachelor's,Software Engineer,5.0,90000.0
40.0,Aria Phillips,25.0,Bachelor's,Graphic Design;UX/UI;Adobe XD,Digital Media;Design,UX Designer,0.88,career_recommendations,Male,Bachelor's,Software Engineer,5.0,90000.0
41.0,Samuel Campbell,33.0,Master's,Python;Machine Learning;AI,Technology;Innovation,Machine Learning Engineer,0.93,career_recommendations,Male,Bachelor's,Software Engineer,5.0,90000.0
42.0,Zoe Parker,26.0,Bachelor's,Digital Marketing;Analytics;SEO,Marketing;Business,Digital Marketer,0.87,career_recommendations,Male,Bachelor's,Software Engineer,5.0,90000.0
43.0,Adam Evans,29.0,Master's,Python;Data Analysis;R,Finance;Data Science,Financial Analyst,0.9,career_recommendations,Male,Bachelor's,Software Engineer,5.0,90000.0
44.0,Natalie Edwards,27.0,Bachelor's,Content Writing;Storytelling;SEO,Media;Marketing,Content Strategist,0.86,career_recommendations,Male,Bachelor's,Software Engineer,5.0,90000.0
45.0,Aaron Collins,31.0,Bachelor's,Java;Android;UI Design,Mobile Apps;Technology,Mobile Developer,0.88,career_recommendations,Male,Bachelor's,Software Engineer,5.0,90000.0
46.0,Scarlett Stewart,28.0,Master's,UX Research;Prototyping;Interaction Design,Design;User Experience,UX Researcher,0.91,career_recommendations,Male,Bachelor's,Software Engineer,5.0,90000.0
47.0,Isaiah Sanchez,30.0,Bachelor's,Python;Cybersecurity;Network Security,Technology;Security,Cybersecurity Specialist,0.9,career_recommendations,Male,Bachelor's,Software Engineer,5.0,90000.0
48.0,Nora Morris,25.0,Bachelor's,SQL;Data Analysis;Excel,Business;Analytics,Data Analyst,0.87,career_recommendations,Male,Bachelor's,Software Engineer,5.0,90000.0
49.0,Julian Rogers,33.0,Master's,Cloud Computing;Python;DevOps,Technology;Business,Cloud Engineer,0.91,career_recommendations,Male,Bachelor's,Software Engineer,5.0,90000.0
50.0,Stella Reed,27.0,Bachelor's,Graphic Design;Illustration;Adobe Creative Suite,Arts;Design,Graphic Designer,0.86,career_recommendations,Male,Bachelor's,Software Engineer,5.0,90000.0
51.0,Owen Parker,32.0,Bachelor's,Python;Data Analysis;SQL,Finance;Analytics,Data Analyst,0.9,career_recommendations,Male,Bachelor's,Software Engineer,5.0,90000.0
52.0,Chase Murphy,27.0,Bachelor's,Java;Spring;Microservices,Software Engineering;Technology,Backend Developer,0.89,career_recommendations,Male,Bachelor's,Software Engineer,5.0,90000.0
53.0,Aiden Cooper,30.0,Master's,Python;Machine Learning;TensorFlow,AI;Innovation,Machine Learning Engineer,0.93,career_recommendations,Male,Bachelor's,Software Engineer,5.0,90000.0
54.0,Zachary Reed,26.0,Bachelor's,HTML;CSS;JavaScript,Web Development;Design,Front-end Developer,0.85,career_recommendations,Male,Bachelor's,Software Engineer,5.0,90000.0
55.0,Madison Flores,29.0,Master's,Digital Marketing;SEO;Content Strategy,Marketing;Social Media,Digital Marketer,0.87,career_recommendations,Male,Bachelor's,Software Engineer,5.0,90000.0
56.0,Ethan Brooks,31.0,Bachelor's,SQL;Data Warehousing;ETL,Finance;Data Analytics,Data Analyst,0.89,career_recommendations,Male,Bachelor's,Software Engineer,5.0,90000.0
57.0,Ava Jenkins,25.0,Bachelor's,Graphic Design;Illustration;Adobe Illustrator,Arts;Design,Graphic Designer,0.86,career_recommendations,Male,Bachelor's,Software Engineer,5.0,90000.0
58.0,Lucas Powell,34.0,Master's,Python;NLP;Deep Learning,AI;Language,NLP Engineer,0.92,career_recommendations,Male,Bachelor's,Software Engineer,5.0,90000.0
59.0,Mia Simmons,27.0,Bachelor's,Research;Statistical Analysis;R,Academia;Biotech,Research Scientist,0.94,career_recommendations,Male,Bachelor's,Software Engineer,5.0,90000.0
60.0,Benjamin Price,32.0,Master's,Project Management;Agile;Communication,Business;Management,Project Manager,0.87,career_recommendations,Male,Bachelor's,Software Engineer,5.0,90000.0
61.0,Liam King,28.0,Bachelor's,C++;Embedded Systems;IoT,Electronics;Automation,Embedded Systems Engineer,0.91,career_recommendations,Male,Bachelor's,Software Engineer,5.0,90000.0
62.0,Sophia Griffin,29.0,Master's,Python;Data Visualization;R,Data Analysis;Statistics,Data Analyst,0.9,career_recommendations,Male,Bachelor's,Software Engineer,5.0,90000.0
63.0,Noah Wood,30.0,Bachelor's,Java;Algorithms;Data Structures,Software Development;Coding,Software Developer,0.88,career_recommendations,Male,Bachelor's,Software Engineer,5.0,90000.0
64.0,Ella Ramirez,26.0,Bachelor's,UX Research;Prototyping;Interaction Design,Design;User Experience,UX Researcher,0.91,career_recommendations,Male,Bachelor's,Software Engineer,5.0,90000.0
65.0,William Simmons,33.0,Master's,Cloud Computing;DevOps;Python,Technology;Business,DevOps Engineer,0.91,career_recommendations,Male,Bachelor's,Software Engineer,5.0,90000.0
66.0,Olivia Ward,27.0,Bachelor's,Digital Marketing;Analytics;SEO,Marketing;Business,Digital Marketer,0.87,career_recommendations,Male,Bachelor's,Software Engineer,5.0,90000.0
67.0,Jacob Stewart,31.0,Bachelor's,C#;.NET;Software Design,Technology;Gaming,Software Developer,0.86,career_recommendations,Male,Bachelor's,Software Engineer,5.0,90000.0
68.0,Emily Torres,29.0,Master's,Financial Analysis;Excel;Econometrics,Finance;Data Analysis,Financial Analyst,0.9,career_recommendations,Male,Bachelor's,Software Engineer,5.0,90000.0
69.0,Michael Watson,35.0,PhD,Research;Statistical Analysis;Python,Academia;Biotech,Research Scientist,0.94,career_recommendations,Male,Bachelor's,Software Engineer,5.0,90000.0
70.0,Grace Bell,24.0,Bachelor's,HTML;CSS;JavaScript;UX,Web Design;Technology,Front-end Developer,0.85,career_recommendations,Male,Bachelor's,Software Engineer,5.0,90000.0
71.0,Samuel Bailey,28.0,Master's,Machine Learning;R;Python,Biotech;Data Science,Biostatistician,0.92,career_recommendations,Male,Bachelor's,Software Engineer,5.0,90000.0
72.0,Zoe Rivera,29.0,Bachelor's,Content Writing;Storytelling;SEO,Media;Marketing,Content Strategist,0.86,career_recommendations,Male,Bachelor's,Software Engineer,5.0,90000.0
73.0,Henry Cooper,34.0,Master's,Python;Big Data;Machine Learning,Finance;Technology,Data Engineer,0.91,career_recommendations,Male,Bachelor's,Software Engineer,5.0,90000.0
74.0,Chloe Richardson,27.0,Bachelor's,Digital Illustration;Adobe Illustrator;Creativity,Arts;Design,Graphic Designer,0.87,career_recommendations,Male,Bachelor's,Software Engineer,5.0,90000.0
75.0,Alexander Cox,30.0,Bachelor's,Python;Data Mining;Statistics,Data Science;Finance,Data Scientist,0.92,career_recommendations,Male,Bachelor's,Software Engineer,5.0,90000.0
76.0,Victoria Ward,26.0,Master's,Business Analysis;Excel;SQL,Business;Finance,Business Analyst,0.89,career_recommendations,Male,Bachelor's,Software Engineer,5.0,90000.0
77.0,Daniel Foster,28.0,Bachelor's,Python;Automation;Data Analysis,Technology;Engineering,Automation Engineer,0.9,career_recommendations,Male,Bachelor's,Software Engineer,5.0,90000.0
78.0,Natalie Henderson,25.0,Bachelor's,Copywriting;SEO;Social Media,Marketing;Content,Content Strategist,0.86,career_recommendations,Male,Bachelor's,Software Engineer,5.0,90000.0
79.0,Matthew Bryant,31.0,Bachelor's,Java;Android;UI Design,Mobile Apps;Technology,Mobile Developer,0.88,career_recommendations,Male,Bachelor's,Software Engineer,5.0,90000.0
80.0,Lily Alexander,28.0,Master's,Python;Machine Learning;AI,Technology;Innovation,Machine Learning Engineer,0.93,career_recommendations,Male,Bachelor's,Software Engineer,5.0,90000.0
81.0,Logan Carter,30.0,Bachelor's,SQL;Data Analysis;Excel,Business;Analytics,Data Analyst,0.88,career_recommendations,Male,Bachelor's,Software Engineer,5.0,90000.0
82.0,Amelia Morris,27.0,Master's,Marketing Strategy;Digital Marketing;CRM,Marketing;Business,Marketing Manager,0.91,career_recommendations,Male,Bachelor's,Software Engineer,5.0,90000.0
83.0,Jackson Perez,29.0,Bachelor's,JavaScript;React;Node.js,Web Development;Technology,Full Stack Developer,0.87,career_recommendations,Male,Bachelor's,Software Engineer,5.0,90000.0
84.0,Avery Hughes,32.0,Master's,Data Science;Machine Learning;Python,Healthcare;AI,AI Specialist,0.92,career_recommendations,Male,Bachelor's,Software Engineer,5.0,90000.0
85.0,Sebastian Flores,35.0,Bachelor's,Network Security;Linux;Python,Cybersecurity;Technology,Cybersecurity Analyst,0.89,career_recommendations,Male,Bachelor's,Software Engineer,5.0,90000.0
86.0,Harper Hughes,29.0,Master's,Python;Statistics;Data Mining,Academia;Research,Research Analyst,0.9,career_recommendations,Male,Bachelor's,Software Engineer,5.0,90000.0
87.0,Owen Long,33.0,Bachelor's,Cloud Computing;Python;DevOps,Technology;Business,Cloud Engineer,0.91,career_recommendations,Male,Bachelor's,Software Engineer,5.0,90000.0
88.0,Scarlett Foster,27.0,Bachelor's,Graphic Design;Illustration;Adobe Creative Suite,Arts;Design,Graphic Designer,0.86,career_recommendations,Male,Bachelor's,Software Engineer,5.0,90000.0
89.0,Gabriel Price,30.0,Master's,Python;Data Analysis;SQL,Finance;Analytics,Data Analyst,0.9,career_recommendations,Male,Bachelor's,Software Engineer,5.0,90000.0
90.0,Chase Bennett,28.0,Bachelor's,Java;System Design;Cloud Computing,Software Development;AI,Software Engineer,0.9,career_recommendations,Male,Bachelor's,Software Engineer,5.0,90000.0
91.0,Samantha Ross,32.0,Master's,Python;Deep Learning;Statistics,Healthcare;AI,AI Researcher,0.93,career_recommendations,Male,Bachelor's,Software Engineer,5.0,90000.0
92.0,Nathan Rogers,30.0,Bachelor's,Project Management;Communication;Agile,Business;Management,Project Manager,0.87,career_recommendations,Male,Bachelor's,Software Engineer,5.0,90000.0
93.0,Aiden Reed,26.0,Bachelor's,C++;Embedded Systems;IoT,Electronics;Automation,Embedded Systems Engineer,0.91,career_recommendations,Male,Bachelor's,Software Engineer,5.0,90000.0
94.0,Sofia Brooks,28.0,Master's,SQL;Data Warehousing;ETL,Finance;Analytics,Data Analyst,0.89,career_recommendations,Male,Bachelor's,Software Engineer,5.0,90000.0
95.0,Elijah Coleman,35.0,Bachelor's,HTML;CSS;JavaScript,Web Development;Design,Front-end Developer,0.85,career_recommendations,Male,Bachelor's,Software Engineer,5.0,90000.0
96.0,Ava Henderson,29.0,Master's,Digital Marketing;SEO;Content Creation,Marketing;Communications,Digital Marketer,0.87,career_recommendations,Male,Bachelor's,Software Engineer,5.0,90000.0
97.0,Caleb Perry,27.0,Bachelor's,Python;Natural Language Processing;Machine Learning,Linguistics;Technology,NLP Engineer,0.92,career_recommendations,Male,Bachelor's,Software Engineer,5.0,90000.0
98.0,Zoey Patterson,31.0,Master's,Financial Analysis;Excel;Econometrics,Finance;Data Analysis,Financial Analyst,0.9,career_recommendations,Male,Bachelor's,Software Engineer,5.0,90000.0
99.0,Isaac Bailey,40.0,PhD,Research;Statistical Analysis;Python,Academia;Biotech,Research Scientist,0.94,career_recommendations,Male,Bachelor's,Software Engineer,5.0,90000.0
100.0,Evelyn Coleman,22.0,Bachelor's,HTML;CSS;JavaScript,Web Development;Design,Front-end Developer,0.85,career_recommendations,Male,Bachelor's,Software Engineer,5.0,90000.0
101.0,Megan Fisher,23.0,Master's,Python;Data Analysis;Machine Learning,Technology;Data Science,Data Scientist,0.87,career_recommendations,Male,Bachelor's,Software Engineer,5.0,90000.0
102.0,Evan Ramirez,24.0,PhD,Java;System Design;Cloud Computing,Software Development;AI,Software Engineer,0.88,career_recommendations,Male,Bachelor's,Software Engineer,5.0,90000.0
103.0,Landon Carter,25.0,Bachelor's,Graphic Design;UI/UX;Adobe Creative Suite,Arts;Digital Media,UX Designer,0.89,career_recommendations,Male,Bachelor's,Software Engineer,5.0,90000.0
104.0,Hannah Rivera,26.0,Master's,HTML;CSS;JavaScript,Healthcare;AI,AI Researcher,0.9,career_recommendations,Male,Bachelor's,Software Engineer,5.0,90000.0
105.0,Connor Brooks,27.0,PhD,C++;Embedded Systems;IoT,Business;Management,Project Manager,0.91,career_recommendations,Male,Bachelor's,Software Engineer,5.0,90000.0
106.0,Aaliyah Perry,28.0,Bachelor's,SQL;Data Warehousing;ETL,Finance;Analytics,Embedded Systems Engineer,0.92,career_recommendations,Male,Bachelor's,Software Engineer,5.0,90000.0
107.0,Brandon Hayes,29.0,Master's,JavaScript;React;Node.js,Marketing;Communications,Data Analyst,0.93,career_recommendations,Male,Bachelor's,Software Engineer,5.0,90000.0
108.0,Sydney Coleman,30.0,PhD,Digital Marketing;SEO;Content Creation,Cybersecurity;Technology,Digital Marketer,0.94,career_recommendations,Male,Bachelor's,Software Engineer,5.0,90000.0
109.0,Dylan Bennett,31.0,Bachelor's,Project Management;Agile;Communication,Academia;Research,NLP Engineer,0.95,career_recommendations,Male,Bachelor's,Software Engineer,5.0,90000.0
110.0,Avery Sanders,32.0,Master's,Python;Deep Learning;Statistics,Web Development;Design,Financial Analyst,0.85,career_recommendations,Male,Bachelor's,Software Engineer,5.0,90000.0
111.0,Chase Morgan,33.0,PhD,Financial Analysis;Excel;Econometrics,Technology;Data Science,Research Scientist,0.86,career_recommendations,Male,Bachelor's,Software Engineer,5.0,90000.0
112.0,Sienna Price,34.0,Bachelor's,Research;Statistical Analysis;Python,Software Development;AI,Front-end Developer,0.87,career_recommendations,Male,Bachelor's,Software Engineer,5.0,90000.0
113.0,Hunter Patterson,35.0,Master's,Cloud Computing;DevOps;Python,Arts;Digital Media,Software Developer,0.88,career_recommendations,Male,Bachelor's,Software Engineer,5.0,90000.0
114.0,Riley Murphy,36.0,PhD,Java;Algorithms;Data Structures,Healthcare;AI,Data Analyst,0.89,career_recommendations,Male,Bachelor's,Software Engineer,5.0,90000.0
115.0,Madeline Jenkins,37.0,Bachelor's,UX Research;Prototyping;Interaction Design,Business;Management,Machine Learning Engineer,0.9,career_recommendations,Male,Bachelor's,Software Engineer,5.0,90000.0
116.0,Adrian Collins,38.0,Master's,Copywriting;SEO;Social Media,Finance;Analytics,Digital Marketer,0.91,career_recommendations,Male,Bachelor's,Software Engineer,5.0,90000.0
117.0,Sophie Gray,39.0,PhD,Network Security;Linux;Python,Marketing;Communications,Data Scientist,0.92,career_recommendations,Male,Bachelor's,Software Engineer,5.0,90000.0
118.0,Jordan Long,40.0,Bachelor's,C#;.NET;Software Design,Cybersecurity;Technology,Software Developer,0.93,career_recommendations,Male,Bachelor's,Software Engineer,5.0,90000.0
119.0,Brianna Foster,41.0,Master's,Data Visualization;Python;R,Academia;Research,Project Manager,0.94,career_recommendations,Male,Bachelor's,Software Engineer,5.0,90000.0
120.0,Zane Powell,22.0,PhD,Machine Learning;Big Data;Python,Web Development;Design,UX Designer,0.95,career_recommendations,Male,Bachelor's,Software Engineer,5.0,90000.0
121.0,Molly Jenkins,23.0,Bachelor's,Python;Data Analysis;Machine Learning,Technology;Data Science,Data Analyst,0.85,career_recommendations,Male,Bachelor's,Software Engineer,5.0,90000.0
122.0,Austin Rivera,24.0,Master's,Java;System Design;Cloud Computing,Software Development;AI,Marketing Manager,0.86,career_recommendations,Male,Bachelor's,Software Engineer,5.0,90000.0
123.0,Paige Rogers,25.0,PhD,Graphic Design;UI/UX;Adobe Creative Suite,Arts;Digital Media,Full Stack Developer,0.87,career_recommendations,Male,Bachelor's,Software Engineer,5.0,90000.0
124.0,Cole Barnes,26.0,Bachelor's,HTML;CSS;JavaScript,Healthcare;AI,AI Specialist,0.88,career_recommendations,Male,Bachelor's,Software Engineer,5.0,90000.0
125.0,Leah Butler,27.0,Master's,C++;Embedded Systems;IoT,Business;Management,Cybersecurity Analyst,0.89,career_recommendations,Male,Bachelor's,Software Engineer,5.0,90000.0
126.0,Carter Brooks,28.0,PhD,SQL;Data Warehousing;ETL,Finance;Analytics,Research Analyst,0.9,career_recommendations,Male,Bachelor's,Software Engineer,5.0,90000.0
127.0,Eleanor Morris,29.0,Bachelor's,JavaScript;React;Node.js,Marketing;Communications,DevOps Engineer,0.91,career_recommendations,Male,Bachelor's,Software Engineer,5.0,90000.0
128.0,Miles Rogers,30.0,Master's,Digital Marketing;SEO;Content Creation,Cybersecurity;Technology,Graphic Designer,0.92,career_recommendations,Male,Bachelor's,Software Engineer,5.0,90000.0
129.0,Lucy Howard,31.0,PhD,Project Management;Agile;Communication,Academia;Research,Deep Learning Engineer,0.93,career_recommendations,Male,Bachelor's,Software Engineer,5.0,90000.0
130.0,Hunter Price,32.0,Bachelor's,Python;Deep Learning;Statistics,Web Development;Design,Business Analyst,0.94,career_recommendations,Male,Bachelor's,Software Engineer,5.0,90000.0
131.0,Naomi Wright,23.0,Master's,Financial Analysis;Excel;Econometrics,Technology;Data Science,Backend Developer,0.95,career_recommendations,Male,Bachelor's,Software Engineer,5.0,90000.0
132.0,Brandon Wood,34.0,PhD,Research;Statistical Analysis;Python,Software Development;AI,Front-end Developer,0.85,career_recommendations,Male,Bachelor's,Software Engineer,5.0,90000.0
133.0,Autumn Baker,35.0,Bachelor's,Cloud Computing;DevOps;Python,Arts;Digital Media,Biostatistician,0.86,career_recommendations,Male,Bachelor's,Software Engineer,5.0,90000.0
134.0,Grayson James,36.0,Master's,Java;Algorithms;Data Structures,Healthcare;AI,Graphic Designer,0.87,career_recommendations,Male,Bachelor's,Software Engineer,5.0,90000.0
135.0,Mackenzie Perry,37.0,PhD,UX Research;Prototyping;Interaction Design,Business;Management,Data Engineer,0.88,career_recommendations,Male,Bachelor's,Software Engineer,5.0,90000.0
136.0,Jason Simmons,38.0,Bachelor's,Copywriting;SEO;Social Media,Finance;Analytics,Content Strategist,0.89,career_recommendations,Male,Bachelor's,Software Engineer,5.0,90000.0
137.0,Elena Coleman,39.0,Master's,Network Security;Linux;Python,Marketing;Communications,Data Analyst,0.9,career_recommendations,Male,Bachelor's,Software Engineer,5.0,90000.0
138.0,Tyler Carter,40.0,PhD,C#;.NET;Software Design,Cybersecurity;Technology,Business Analyst,0.91,career_recommendations,Male,Bachelor's,Software Engineer,5.0,90000.0
139.0,Ruby Mitchell,41.0,Bachelor's,Data Visualization;Python;R,Academia;Research,Automation Engineer,0.92,career_recommendations,Male,Bachelor's,Software Engineer,5.0,90000.0
140.0,Declan Adams,22.0,Master's,Machine Learning;Big Data;Python,Web Development;Design,UX Designer,0.93,career_recommendations,Male,Bachelor's,Software Engineer,5.0,90000.0
141.0,Lydia Edwards,23.0,PhD,Python;Data Analysis;Machine Learning,Technology;Data Science,Machine Learning Engineer,0.94,career_recommendations,Male,Bachelor's,Software Engineer,5.0,90000.0
142.0,Eric Hughes,24.0,Bachelor's,Java;System Design;Cloud Computing,Software Development;AI,Digital Marketer,0.95,career_recommendations,Male,Bachelor's,Software Engineer,5.0,90000.0
143.0,Melanie Nelson,25.0,Master's,Graphic Design;UI/UX;Adobe Creative Suite,Arts;Digital Media,Financial Analyst,0.85,career_recommendations,Male,Bachelor's,Software Engineer,5.0,90000.0
144.0,Julian Wright,26.0,PhD,HTML;CSS;JavaScript,Healthcare;AI,Content Strategist,0.86,career_recommendations,Male,Bachelor's,Software Engineer,5.0,90000.0
145.0,Arianna Brooks,27.0,Bachelor's,C++;Embedded Systems;IoT,Business;Management,Mobile Developer,0.87,career_recommendations,Male,Bachelor's,Software Engineer,5.0,90000.0
146.0,Cooper Bell,28.0,Master's,SQL;Data Warehousing;ETL,Finance;Analytics,UX Researcher,0.88,career_recommendations,Male,Bachelor's,Software Engineer,5.0,90000.0
147.0,Faith Parker,29.0,PhD,JavaScript;React;Node.js,Marketing;Communications,Cybersecurity Specialist,0.89,career_recommendations,Male,Bachelor's,Software Engineer,5.0,90000.0
148.0,Maximillian Reed,30.0,Bachelor's,Digital Marketing;SEO;Content Creation,Cybersecurity;Technology,Data Analyst,0.9,career_recommendations,Male,Bachelor's,Software Engineer,5.0,90000.0
149.0,Sadie Turner,31.0,Master's,Project Management;Agile;Communication,Academia;Research,Cloud Engineer,0.91,career_recommendations,Male,Bachelor's,Software Engineer,5.0,90000.0
150.0,Jaxon Carter,32.0,PhD,Python;Deep Learning;Statistics,Web Development;Design,Graphic Designer,0.92,career_recommendations,Male,Bachelor's,Software Engineer,5.0,90000.0
151.0,Isabel Rivera,23.0,Bachelor's,Financial Analysis;Excel;Econometrics,Technology;Data Science,Data Scientist,0.93,career_recommendations,Male,Bachelor's,Software Engineer,5.0,90000.0
152.0,Carson Flores,24.0,Master's,Research;Statistical Analysis;Python,Software Development;AI,Software Engineer,0.94,career_recommendations,Male,Bachelor's,Software Engineer,5.0,90000.0
153.0,Katherine Collins,25.0,PhD,Cloud Computing;DevOps;Python,Arts;Digital Media,UX Designer,0.95,career_recommendations,Male,Bachelor's,Software Engineer,5.0,90000.0
154.0,Leo Morgan,26.0,Bachelor's,Java;Algorithms;Data Structures,Healthcare;AI,AI Researcher,0.85,career_recommendations,Male,Bachelor's,Software Engineer,5.0,90000.0
155.0,Ariella Perry,37.0,Master's,UX Research;Prototyping;Interaction Design,Business;Management,Project Manager,0.86,career_recommendations,Male,Bachelor's,Software Engineer,5.0,90000.0
156.0,Ryder Murphy,38.0,PhD,Copywriting;SEO;Social Media,Finance;Analytics,Embedded Systems Engineer,0.87,career_recommendations,Male,Bachelor's,Software Engineer,5.0,90000.0
157.0,Elise Bennett,39.0,Bachelor's,Network Security;Linux;Python,Marketing;Communications,Data Analyst,0.88,career_recommendations,Male,Bachelor's,Software Engineer,5.0,90000.0
158.0,Cameron Reed,40.0,Master's,C#;.NET;Software Design,Cybersecurity;Technology,Digital Marketer,0.89,career_recommendations,Male,Bachelor's,Software Engineer,5.0,90000.0
159.0,Jasmine Edwards,41.0,PhD,Data Visualization;Python;R,Academia;Research,NLP Engineer,0.9,career_recommendations,Male,Bachelor's,Software Engineer,5.0,90000.0
160.0,Parker Jenkins,22.0,Bachelor's,Machine Learning;Big Data;Python,Web Development;Design,Financial Analyst,0.91,career_recommendations,Male,Bachelor's,Software Engineer,5.0,90000.0
161.0,Nicole Hughes,23.0,Master's,Python;Data Analysis;Machine Learning,Technology;Data Science,Research Scientist,0.92,career_recommendations,Male,Bachelor's,Software Engineer,5.0,90000.0
162.0,Brady Price,24.0,PhD,Java;System Design;Cloud Computing,Software Development;AI,Front-end Developer,0.93,career_recommendations,Male,Bachelor's,Software Engineer,5.0,90000.0
163.0,Clara Ross,25.0,Bachelor's,Graphic Design;UI/UX;Adobe Creative Suite,Arts;Digital Media,Software Developer,0.94,career_recommendations,Male,Bachelor's,Software Engineer,5.0,90000.0
164.0,Silas Murphy,26.0,Master's,HTML;CSS;JavaScript,Healthcare;AI,Data Analyst,0.95,career_recommendations,Male,Bachelor's,Software Engineer,5.0,90000.0
165.0,Paisley Rogers,27.0,PhD,C++;Embedded Systems;IoT,Business;Management,Machine Learning Engineer,0.85,career_recommendations,Male,Bachelor's,Software Engineer,5.0,90000.0
166.0,Miles Foster,28.0,Bachelor's,SQL;Data Warehousing;ETL,Finance;Analytics,Digital Marketer,0.86,career_recommendations,Male,Bachelor's,Software Engineer,5.0,90000.0
167.0,Jade Wood,29.0,Master's,JavaScript;React;Node.js,Marketing;Communications,Data Scientist,0.87,career_recommendations,Male,Bachelor's,Software Engineer,5.0,90000.0
168.0,Weston Perry,30.0,PhD,Digital Marketing;SEO;Content Creation,Cybersecurity;Technology,Software Developer,0.88,career_recommendations,Male,Bachelor's,Software Engineer,5.0,90000.0
169.0,Aubrey Jenkins,31.0,Bachelor's,Project Management;Agile;Communication,Academia;Research,Project Manager,0.89,career_recommendations,Male,Bachelor's,Software Engineer,5.0,90000.0
170.0,Harrison Collins,32.0,Master's,Python;Deep Learning;Statistics,Web Development;Design,UX Designer,0.9,career_recommendations,Male,Bachelor's,Software Engineer,5.0,90000.0
171.0,Luna Gray,33.0,PhD,Financial Analysis;Excel;Econometrics,Technology;Data Science,Data Analyst,0.91,career_recommendations,Male,Bachelor's,Software Engineer,5.0,90000.0
172.0,Gavin Long,34.0,Bachelor's,Research;Statistical Analysis;Python,Software Development;AI,Marketing Manager,0.92,career_recommendations,Male,Bachelor's,Software Engineer,5.0,90000.0
173.0,Penelope Foster,35.0,Master's,Cloud Computing;DevOps;Python,Arts;Digital Media,Full Stack Developer,0.93,career_recommendations,Male,Bachelor's,Software Engineer,5.0,90000.0
174.0,Austin Powell,36.0,PhD,Java;Algorithms;Data Structures,Healthcare;AI,AI Specialist,0.94,career_recommendations,Male,Bachelor's,Software Engineer,5.0,90000.0
175.0,Vivian Butler,37.0,Bachelor's,UX Research;Prototyping;Interaction Design,Business;Management,Cybersecurity Analyst,0.95,career_recommendations,Male,Bachelor's,Software Engineer,5.0,90000.0
176.0,Xavier Barnes,38.0,Master's,Copywriting;SEO;Social Media,Finance;Analytics,Research Analyst,0.85,career_recommendations,Male,Bachelor's,Software Engineer,5.0,90000.0
177.0,Stella James,39.0,PhD,Network Security;Linux;Python,Marketing;Communications,DevOps Engineer,0.86,career_recommendations,Male,Bachelor's,Software Engineer,5.0,90000.0
178.0,Caden Morgan,40.0,Bachelor's,C#;.NET;Software Design,Cybersecurity;Technology,Graphic Designer,0.87,career_recommendations,Male,Bachelor's,Software Engineer,5.0,90000.0
179.0,Maya Ross,41.0,Master's,Data Visualization;Python;R,Academia;Research,Deep Learning Engineer,0.88,career_recommendations,Male,Bachelor's,Software Engineer,5.0,90000.0
180.0,Jace Reed,22.0,PhD,Machine Learning;Big Data;Python,Web Development;Design,Business Analyst,0.89,career_recommendations,Male,Bachelor's,Software Engineer,5.0,90000.0
181.0,Kendall Rivera,23.0,Bachelor's,Python;Data Analysis;Machine Learning,Technology;Data Science,Backend Developer,0.9,career_recommendations,Male,Bachelor's,Software Engineer,5.0,90000.0
182.0,Rylan Perry,24.0,Master's,Java;System Design;Cloud Computing,Software Development;AI,Front-end Developer,0.91,career_recommendations,Male,Bachelor's,Software Engineer,5.0,90000.0
183.0,Adalyn Jenkins,25.0,PhD,Graphic Design;UI/UX;Adobe Creative Suite,Arts;Digital Media,Biostatistician,0.92,career_recommendations,Male,Bachelor's,Software Engineer,5.0,90000.0
184.0,Zion Collins,26.0,Bachelor's,HTML;CSS;JavaScript,Healthcare;AI,Graphic Designer,0.93,career_recommendations,Male,Bachelor's,Software Engineer,5.0,90000.0
185.0,Emery Gray,27.0,Master's,C++;Embedded Systems;IoT,Business;Management,Data Engineer,0.94,career_recommendations,Male,Bachelor's,Software Engineer,5.0,90000.0
186.0,Nolan Long,28.0,PhD,SQL;Data Warehousing;ETL,Finance;Analytics,Content Strategist,0.95,career_recommendations,Male,Bachelor's,Software Engineer,5.0,90000.0
187.0,Ivy Foster,29.0,Bachelor's,JavaScript;React;Node.js,Marketing;Communications,Data Analyst,0.85,career_recommendations,Male,Bachelor's,Software Engineer,5.0,90000.0
188.0,Tristan Powell,30.0,Master's,Digital Marketing;SEO;Content Creation,Cybersecurity;Technology,Business Analyst,0.86,career_recommendations,Male,Bachelor's,Software Engineer,5.0,90000.0
189.0,Olivia Butler,31.0,PhD,Project Management;Agile;Communication,Academia;Research,Automation Engineer,0.87,career_recommendations,Male,Bachelor's,Software Engineer,5.0,90000.0
190.0,Damian Barnes,32.0,Bachelor's,Python;Deep Learning;Statistics,Web Development;Design,UX Designer,0.88,career_recommendations,Male,Bachelor's,Software Engineer,5.0,90000.0
191.0,Sienna James,33.0,Master's,Financial Analysis;Excel;Econometrics,Technology;Data Science,Machine Learning Engineer,0.89,career_recommendations,Male,Bachelor's,Software Engineer,5.0,90000.0
192.0,Jasper Morgan,34.0,PhD,Research;Statistical Analysis;Python,Software Development;AI,Digital Marketer,0.9,career_recommendations,Male,Bachelor's,Software Engineer,5.0,90000.0
193.0,Eleanor Ross,35.0,Bachelor's,Cloud Computing;DevOps;Python,Arts;Digital Media,Financial Analyst,0.91,career_recommendations,Male,Bachelor's,Software Engineer,5.0,90000.0
194.0,Ezra Reed,36.0,Master's,Java;Algorithms;Data Structures,Healthcare;AI,Content Strategist,0.92,career_recommendations,Male,Bachelor's,Software Engineer,5.0,90000.0
195.0,Lola Rivera,37.0,PhD,UX Research;Prototyping;Interaction Design,Business;Management,Mobile Developer,0.93,career_recommendations,Male,Bachelor's,Software Engineer,5.0,90000.0
196.0,Easton Perry,38.0,Bachelor's,Copywriting;SEO;Social Media,Finance;Analytics,UX Researcher,0.94,career_recommendations,Male,Bachelor's,Software Engineer,5.0,90000.0
197.0,Aurora Jenkins,39.0,Master's,Network Security;Linux;Python,Marketing;Communications,Cybersecurity Specialist,0.95,career_recommendations,Male,Bachelor's,Software Engineer,5.0,90000.0
198.0,Camden Collins,40.0,PhD,C#;.NET;Software Design,Cybersecurity;Technology,Data Analyst,0.85,career_recommendations,Male,Bachelor's,Software Engineer,5.0,90000.0
199.0,Hazel Gray,41.0,Bachelor's,Data Visualization;Python;R,Academia;Research,Cloud Engineer,0.86,career_recommendations,Male,Bachelor's,Software Engineer,5.0,90000.0
200.0,Micah Long,22.0,Master's,Machine Learning;Big Data;Python,Web Development;Design,Graphic Designer,0.87,career_recommendations,Male,Bachelor's,Software Engineer,5.0,90000.0
200.0,Micah Long,32.0,Master's,Machine Learning;Big Data;Python,Web Development;Design,Graphic Designer,0.87,salary_data,Male,Bachelor's,Software Engineer,5.0,90000.0
200.0,Micah Long,28.0,Master's,Machine Learning;Big Data;Python,Web Development;Design,Graphic Designer,0.87,salary_data,Female,Master's,Data Analyst,3.0,65000.0
200.0,Micah Long,45.0,Master's,Machine Learning;Big Data;Python,Web Development;Design,Graphic Designer,0.87,salary_data,Male,PhD,Senior Manager,15.0,150000.0
200.0,Micah Long,36.0,Master's,Machine Learning;Big Data;Python,Web Development;Design,Graphic Designer,0.87,salary_data,Female,Bachelor's,Sales Associate,7.0,60000.0
200.0,Micah Long,52.0,Master's,Machine Learning;Big Data;Python,Web Development;Design,Graphic Designer,0.87,salary_data,Male,Master's,Director,20.0,200000.0
200.0,Micah Long,29.0,Master's,Machine Learning;Big Data;Python,Web Development;Design,Graphic Designer,0.87,salary_data,Male,Bachelor's,Marketing Analyst,2.0,55000.0
200.0,Micah Long,42.0,Master's,Machine Learning;Big Data;Python,Web Development;Design,Graphic Designer,0.87,salary_data,Female,Master's,Product Manager,12.0,120000.0
200.0,Micah Long,31.0,Master's,Machine Learning;Big Data;Python,Web Development;Design,Graphic Designer,0.87,salary_data,Male,Bachelor's,Sales Manager,4.0,80000.0
200.0,Micah Long,26.0,Master's,Machine Learning;Big Data;Python,Web Development;Design,Graphic Designer,0.87,salary_data,Female,Bachelor's,Marketing Coordinator,1.0,45000.0
200.0,Micah Long,38.0,Master's,Machine Learning;Big Data;Python,Web Development;Design,Graphic Designer,0.87,salary_data,Male,PhD,Senior Scientist,10.0,110000.0
200.0,Micah Long,29.0,Master's,Machine Learning;Big Data;Python,Web Development;Design,Graphic Designer,0.87,salary_data,Male,Master's,Software Developer,3.0,75000.0
200.0,Micah Long,48.0,Master's,Machine Learning;Big Data;Python,Web Development;Design,Graphic Designer,0.87,salary_data,Female,Bachelor's,HR Manager,18.0,140000.0
200.0,Micah Long,35.0,Master's,Machine Learning;Big Data;Python,Web Development;Design,Graphic Designer,0.87,salary_data,Male,Bachelor's,Financial Analyst,6.0,65000.0
200.0,Micah Long,40.0,Master's,Machine Learning;Big Data;Python,Web Development;Design,Graphic Designer,0.87,salary_data,Female,Master's,Project Manager,14.0,130000.0
200.0,Micah Long,27.0,Master's,Machine Learning;Big Data;Python,Web Development;Design,Graphic Designer,0.87,salary_data,Male,Bachelor's,Customer Service Rep,2.0,40000.0
200.0,Micah Long,44.0,Master's,Machine Learning;Big Data;Python,Web Development;Design,Graphic Designer,0.87,salary_data,Male,Bachelor's,Operations Manager,16.0,125000.0
200.0,Micah Long,33.0,Master's,Machine Learning;Big Data;Python,Web Development;Design,Graphic Designer,0.87,salary_data,Female,Master's,Marketing Manager,7.0,90000.0
200.0,Micah Long,39.0,Master's,Machine Learning;Big Data;Python,Web Development;Design,Graphic Designer,0.87,salary_data,Male,PhD,Senior Engineer,12.0,115000.0
200.0,Micah Long,25.0,Master's,Machine Learning;Big Data;Python,Web Development;Design,Graphic Designer,0.87,salary_data,Female,Bachelor's,Data Entry Clerk,0.0,35000.0
200.0,Micah Long,51.0,Master's,Machine Learning;Big Data;Python,Web Development;Design,Graphic Designer,0.87,salary_data,Male,Bachelor's,Sales Director,22.0,180000.0
200.0,Micah Long,34.0,Master's,Machine Learning;Big Data;Python,Web Development;Design,Graphic Designer,0.87,salary_data,Female,Master's,Business Analyst,5.0,80000.0
200.0,Micah Long,47.0,Master's,Machine Learning;Big Data;Python,Web Development;Design,Graphic Designer,0.87,salary_data,Male,Master's,VP of Operations,19.0,190000.0
200.0,Micah Long,30.0,Master's,Machine Learning;Big Data;Python,Web Development;Design,Graphic Designer,0.87,salary_data,Male,Bachelor's,IT Support,2.0,50000.0
200.0,Micah Long,36.0,Master's,Machine Learning;Big Data;Python,Web Development;Design,Graphic Designer,0.87,salary_data,Female,Bachelor's,Recruiter,9.0,60000.0
200.0,Micah Long,41.0,Master's,Machine Learning;Big Data;Python,Web Development;Design,Graphic Designer,0.87,salary_data,Male,Master's,Financial Manager,13.0,140000.0
200.0,Micah Long,28.0,Master's,Machine Learning;Big Data;Python,Web Development;Design,Graphic Designer,0.87,salary_data,Female,Bachelor's,Social Media Specialist,3.0,45000.0
200.0,Micah Long,37.0,Master's,Machine Learning;Big Data;Python,Web Development;Design,Graphic Designer,0.87,salary_data,Female,Master's,Software Manager,11.0,110000.0
200.0,Micah Long,24.0,Master's,Machine Learning;Big Data;Python,Web Development;Design,Graphic Designer,0.87,salary_data,Male,Bachelor's,Junior Developer,1.0,40000.0
200.0,Micah Long,43.0,Master's,Machine Learning;Big Data;Python,Web Development;Design,Graphic Designer,0.87,salary_data,Female,PhD,Senior Consultant,15.0,140000.0
200.0,Micah Long,33.0,Master's,Machine Learning;Big Data;Python,Web Development;Design,Graphic Designer,0.87,salary_data,Male,Master's,Product Designer,6.0,90000.0
200.0,Micah Long,50.0,Master's,Machine Learning;Big Data;Python,Web Development;Design,Graphic Designer,0.87,salary_data,Male,Bachelor's,CEO,25.0,250000.0
200.0,Micah Long,31.0,Master's,Machine Learning;Big Data;Python,Web Development;Design,Graphic Designer,0.87,salary_data,Female,Bachelor's,Accountant,4.0,55000.0
200.0,Micah Long,29.0,Master's,Machine Learning;Big Data;Python,Web Development;Design,Graphic Designer,0.87,salary_data,Male,Master's,Data Scientist,3.0,75000.0
200.0,Micah Long,39.0,Master's,Machine Learning;Big Data;Python,Web Development;Design,Graphic Designer,0.87,salary_data,Female,Bachelor's,Marketing Specialist,10.0,65000.0
200.0,Micah Long,46.0,Master's,Machine Learning;Big Data;Python,Web Development;Design,Graphic Designer,0.87,salary_data,Male,PhD,Senior Manager,20.0,170000.0
200.0,Micah Long,27.0,Master's,Machine Learning;Big Data;Python,Web Development;Design,Graphic Designer,0.87,salary_data,Male,Bachelor's,Technical Writer,2.0,45000.0
200.0,Micah Long,35.0,Master's,Machine Learning;Big Data;Python,Web Development;Design,Graphic Designer,0.87,salary_data,Female,Bachelor's,HR Generalist,7.0,60000.0
200.0,Micah Long,42.0,Master's,Machine Learning;Big Data;Python,Web Development;Design,Graphic Designer,0.87,salary_data,Male,Master's,Project Engineer,14.0,115000.0
200.0,Micah Long,26.0,Master's,Machine Learning;Big Data;Python,Web Development;Design,Graphic Designer,0.87,salary_data,Female,Bachelor's,Customer Success Rep,1.0,40000.0
200.0,Micah Long,49.0,Master's,Machine Learning;Big Data;Python,Web Development;Design,Graphic Designer,0.87,salary_data,Male,Bachelor's,Sales Executive,21.0,160000.0
200.0,Micah Long,34.0,Master's,Machine Learning;Big Data;Python,Web Development;Design,Graphic Designer,0.87,salary_data,Female,Master's,UX Designer,5.0,80000.0
200.0,Micah Long,48.0,Master's,Machine Learning;Big Data;Python,Web Development;Design,Graphic Designer,0.87,salary_data,Male,Master's,Operations Director,18.0,190000.0
200.0,Micah Long,30.0,Master's,Machine Learning;Big Data;Python,Web Development;Design,Graphic Designer,0.87,salary_data,Male,Bachelor's,Network Engineer,3.0,60000.0
200.0,Micah Long,36.0,Master's,Machine Learning;Big Data;Python,Web Development;Design,Graphic Designer,0.87,salary_data,Female,Bachelor's,Administrative Assistant,8.0,45000.0
200.0,Micah Long,41.0,Master's,Machine Learning;Big Data;Python,Web Development;Design,Graphic Designer,0.87,salary_data,Male,Master's,Strategy Consultant,13.0,130000.0
200.0,Micah Long,28.0,Master's,Machine Learning;Big Data;Python,Web Development;Design,Graphic Designer,0.87,salary_data,Female,Bachelor's,Copywriter,2.0,40000.0
200.0,Micah Long,32.0,Master's,Machine Learning;Big Data;Python,Web Development;Design,Graphic Designer,0.87,salary_data,Male,Bachelor's,Account Manager,5.0,75000.0
200.0,Micah Long,45.0,Master's,Machine Learning;Big Data;Python,Web Development;Design,Graphic Designer,0.87,salary_data,Female,Master's,Director of Marketing,16.0,180000.0
200.0,Micah Long,38.0,Master's,Machine Learning;Big Data;Python,Web Development;Design,Graphic Designer,0.87,salary_data,Male,PhD,Senior Scientist,11.0,120000.0
200.0,Micah Long,25.0,Master's,Machine Learning;Big Data;Python,Web Development;Design,Graphic Designer,0.87,salary_data,Male,Bachelor's,Help Desk Analyst,0.0,35000.0
200.0,Micah Long,51.0,Master's,Machine Learning;Big Data;Python,Web Development;Design,Graphic Designer,0.87,salary_data,Female,Bachelor's,Customer Service Manager,22.0,130000.0
200.0,Micah Long,33.0,Master's,Machine Learning;Big Data;Python,Web Development;Design,Graphic Designer,0.87,salary_data,Male,Master's,Business Intelligence Analyst,7.0,85000.0
200.0,Micah Long,40.0,Master's,Machine Learning;Big Data;Python,Web Development;Design,Graphic Designer,0.87,salary_data,Female,Bachelor's,Event Coordinator,12.0,60000.0
200.0,Micah Long,47.0,Master's,Machine Learning;Big Data;Python,Web Development;Design,Graphic Designer,0.87,salary_data,Male,Master's,VP of Finance,19.0,200000.0
200.0,Micah Long,29.0,Master's,Machine Learning;Big Data;Python,Web Development;Design,Graphic Designer,0.87,salary_data,Female,Bachelor's,Graphic Designer,3.0,50000.0
200.0,Micah Long,36.0,Master's,Machine Learning;Big Data;Python,Web Development;Design,Graphic Designer,0.87,salary_data,Male,Bachelor's,Sales Manager,9.0,95000.0
200.0,Micah Long,27.0,Master's,Machine Learning;Big Data;Python,Web Development;Design,Graphic Designer,0.87,salary_data,Female,Master's,UX Researcher,2.0,65000.0
200.0,Micah Long,43.0,Master's,Machine Learning;Big Data;Python,Web Development;Design,Graphic Designer,0.87,salary_data,Male,PhD,Senior Engineer,17.0,140000.0
200.0,Micah Long,30.0,Master's,Machine Learning;Big Data;Python,Web Development;Design,Graphic Designer,0.87,salary_data,Female,Bachelor's,Social Media Manager,4.0,55000.0
200.0,Micah Long,35.0,Master's,Machine Learning;Big Data;Python,Web Development;Design,Graphic Designer,0.87,salary_data,Male,Master's,Product Manager,7.0,105000.0
200.0,Micah Long,51.0,Master's,Machine Learning;Big Data;Python,Web Development;Design,Graphic Designer,0.87,salary_data,Female,Master's,Director of Operations,23.0,170000.0
200.0,Micah Long,29.0,Master's,Machine Learning;Big Data;Python,Web Development;Design,Graphic Designer,0.87,salary_data,Male,Bachelor's,Marketing Analyst,3.0,50000.0
200.0,Micah Long,40.0,Master's,Machine Learning;Big Data;Python,Web Development;Design,Graphic Designer,0.87,salary_data,Female,Bachelor's,HR Manager,12.0,80000.0
200.0,Micah Long,47.0,Master's,Machine Learning;Big Data;Python,Web Development;Design,Graphic Designer,0.87,salary_data,Male,PhD,Senior Data Scientist,21.0,180000.0
200.0,Micah Long,26.0,Master's,Machine Learning;Big Data;Python,Web Development;Design,Graphic Designer,0.87,salary_data,Male,Bachelor's,Junior Accountant,1.0,35000.0
200.0,Micah Long,38.0,Master's,Machine Learning;Big Data;Python,Web Development;Design,Graphic Designer,0.87,salary_data,Female,Master's,Digital Marketing Manager,10.0,90000.0
200.0,Micah Long,46.0,Master's,Machine Learning;Big Data;Python,Web Development;Design,Graphic Designer,0.87,salary_data,Male,Bachelor's,IT Manager,19.0,120000.0
200.0,Micah Long,31.0,Master's,Machine Learning;Big Data;Python,Web Development;Design,Graphic Designer,0.87,salary_data,Female,Bachelor's,Customer Service Representative,5.0,45000.0
200.0,Micah Long,34.0,Master's,Machine Learning;Big Data;Python,Web Development;Design,Graphic Designer,0.87,salary_data,Male,Master's,Business Development Manager,8.0,90000.0
200.0,Micah Long,49.0,Master's,Machine Learning;Big Data;Python,Web Development;Design,Graphic Designer,0.87,salary_data,Female,Master's,Senior Financial Analyst,18.0,150000.0
200.0,Micah Long,33.0,Master's,Machine Learning;Big Data;Python,Web Development;Design,Graphic Designer,0.87,salary_data,Male,Bachelor's,Web Developer,6.0,65000.0
200.0,Micah Long,39.0,Master's,Machine Learning;Big Data;Python,Web Development;Design,Graphic Designer,0.87,salary_data,Female,Bachelor's,Recruiter,11.0,70000.0
200.0,Micah Long,45.0,Master's,Machine Learning;Big Data;Python,Web Development;Design,Graphic Designer,0.87,salary_data,Male,PhD,Research Director,16.0,190000.0
200.0,Micah Long,28.0,Master's,Machine Learning;Big Data;Python,Web Development;Design,Graphic Designer,0.87,salary_data,Male,Bachelor's,Technical Support Specialist,2.0,40000.0
200.0,Micah Long,42.0,Master's,Machine Learning;Big Data;Python,Web Development;Design,Graphic Designer,0.87,salary_data,Female,Master's,Creative Director,14.0,120000.0
200.0,Micah Long,37.0,Master's,Machine Learning;Big Data;Python,Web Development;Design,Graphic Designer,0.87,salary_data,Male,Bachelor's,Project Manager,10.0,95000.0
200.0,Micah Long,50.0,Master's,Machine Learning;Big Data;Python,Web Development;Design,Graphic Designer,0.87,salary_data,Female,Bachelor's,Operations Manager,22.0,160000.0
200.0,Micah Long,32.0,Master's,Machine Learning;Big Data;Python,Web Development;Design,Graphic Designer,0.87,salary_data,Male,Master's,Senior Software Engineer,6.0,100000.0
200.0,Micah Long,48.0,Master's,Machine Learning;Big Data;Python,Web Development;Design,Graphic Designer,0.87,salary_data,Female,Master's,Human Resources Director,20.0,180000.0
200.0,Micah Long,30.0,Master's,Machine Learning;Big Data;Python,Web Development;Design,Graphic Designer,0.87,salary_data,Female,Bachelor's,Content Marketing Manager,3.0,55000.0
200.0,Micah Long,36.0,Master's,Machine Learning;Big Data;Python,Web Development;Design,Graphic Designer,0.87,salary_data,Male,Bachelor's,Technical Recruiter,8.0,70000.0
200.0,Micah Long,41.0,Master's,Machine Learning;Big Data;Python,Web Development;Design,Graphic Designer,0.87,salary_data,Female,Master's,Data Analyst,13.0,80000.0
200.0,Micah Long,25.0,Master's,Machine Learning;Big Data;Python,Web Development;Design,Graphic Designer,0.87,salary_data,Male,Bachelor's,Sales Representative,0.0,30000.0
200.0,Micah Long,52.0,Master's,Machine Learning;Big Data;Python,Web Development;Design,Graphic Designer,0.87,salary_data,Male,PhD,Chief Technology Officer,24.0,250000.0
200.0,Micah Long,29.0,Master's,Machine Learning;Big Data;Python,Web Development;Design,Graphic Designer,0.87,salary_data,Female,Bachelor's,Junior Designer,2.0,40000.0
200.0,Micah Long,34.0,Master's,Machine Learning;Big Data;Python,Web Development;Design,Graphic Designer,0.87,salary_data,Female,Master's,Financial Advisor,10.0,95000.0
200.0,Micah Long,27.0,Master's,Machine Learning;Big Data;Python,Web Development;Design,Graphic Designer,0.87,salary_data,Male,Bachelor's,Junior Account Manager,2.0,45000.0
200.0,Micah Long,40.0,Master's,Machine Learning;Big Data;Python,Web Development;Design,Graphic Designer,0.87,salary_data,Female,Bachelor's,HR Generalist,15.0,80000.0
200.0,Micah Long,46.0,Master's,Machine Learning;Big Data;Python,Web Development;Design,Graphic Designer,0.87,salary_data,Male,Master's,Senior Project Manager,21.0,135000.0
200.0,Micah Long,31.0,Master's,Machine Learning;Big Data;Python,Web Development;Design,Graphic Designer,0.87,salary_data,Female,Bachelor's,Marketing Coordinator,6.0,55000.0
200.0,Micah Long,36.0,Master's,Machine Learning;Big Data;Python,Web Development;Design,Graphic Designer,0.87,salary_data,Male,PhD,Principal Scientist,11.0,120000.0
200.0,Micah Long,29.0,Master's,Machine Learning;Big Data;Python,Web Development;Design,Graphic Designer,0.87,salary_data,Female,Bachelor's,Sales Associate,3.0,40000.0
200.0,Micah Long,43.0,Master's,Machine Learning;Big Data;Python,Web Development;Design,Graphic Designer,0.87,salary_data,Male,Bachelor's,Supply Chain Manager,18.0,105000.0
200.0,Micah Long,52.0,Master's,Machine Learning;Big Data;Python,Web Development;Design,Graphic Designer,0.87,salary_data,Female,Master's,Senior Marketing Manager,25.0,170000.0
200.0,Micah Long,33.0,Master's,Machine Learning;Big Data;Python,Web Development;Design,Graphic Designer,0.87,salary_data,Male,Bachelor's,Business Analyst,7.0,75000.0
200.0,Micah Long,39.0,Master's,Machine Learning;Big Data;Python,Web Development;Design,Graphic Designer,0.87,salary_data,Female,Bachelor's,Training Specialist,12.0,65000.0
200.0,Micah Long,47.0,Master's,Machine Learning;Big Data;Python,Web Development;Design,Graphic Designer,0.87,salary_data,Male,PhD,Research Scientist,22.0,160000.0
200.0,Micah Long,26.0,Master's,Machine Learning;Big Data;Python,Web Development;Design,Graphic Designer,0.87,salary_data,Male,Bachelor's,Junior Software Developer,1.0,35000.0
200.0,Micah Long,38.0,Master's,Machine Learning;Big Data;Python,Web Development;Design,Graphic Designer,0.87,salary_data,Female,Master's,Public Relations Manager,10.0,90000.0
200.0,Micah Long,45.0,Master's,Machine Learning;Big Data;Python,Web Development;Design,Graphic Designer,0.87,salary_data,Male,Bachelor's,Operations Analyst,20.0,110000.0
200.0,Micah Long,31.0,Master's,Machine Learning;Big Data;Python,Web Development;Design,Graphic Designer,0.87,salary_data,Female,Bachelor's,Event Coordinator,5.0,45000.0
200.0,Micah Long,35.0,Master's,Machine Learning;Big Data;Python,Web Development;Design,Graphic Designer,0.87,salary_data,Male,Master's,Product Marketing Manager,8.0,95000.0
200.0,Micah Long,49.0,Master's,Machine Learning;Big Data;Python,Web Development;Design,Graphic Designer,0.87,salary_data,Female,Master's,Senior HR Manager,19.0,150000.0
200.0,Micah Long,33.0,Master's,Machine Learning;Big Data;Python,Web Development;Design,Graphic Designer,0.87,salary_data,Male,Bachelor's,Junior Web Developer,5.0,50000.0
200.0,Micah Long,39.0,Master's,Machine Learning;Big Data;Python,Web Development;Design,Graphic Designer,0.87,salary_data,Female,Master's,Senior Project Coordinator,13.0,80000.0
200.0,Micah Long,44.0,Master's,Machine Learning;Big Data;Python,Web Development;Design,Graphic Designer,0.87,salary_data,Male,PhD,Chief Data Officer,16.0,220000.0
200.0,Micah Long,30.0,Master's,Machine Learning;Big Data;Python,Web Development;Design,Graphic Designer,0.87,salary_data,Female,Bachelor's,Digital Content Producer,3.0,50000.0
200.0,Micah Long,36.0,Master's,Machine Learning;Big Data;Python,Web Development;Design,Graphic Designer,0.87,salary_data,Male,Bachelor's,IT Support Specialist,7.0,60000.0
200.0,Micah Long,41.0,Master's,Machine Learning;Big Data;Python,Web Development;Design,Graphic Designer,0.87,salary_data,Female,Master's,Senior Marketing Analyst,14.0,100000.0
200.0,Micah Long,28.0,Master's,Machine Learning;Big Data;Python,Web Development;Design,Graphic Designer,0.87,salary_data,Male,Bachelor's,Customer Success Manager,2.0,40000.0
200.0,Micah Long,42.0,Master's,Machine Learning;Big Data;Python,Web Development;Design,Graphic Designer,0.87,salary_data,Female,Master's,Senior Graphic Designer,15.0,110000.0
200.0,Micah Long,37.0,Master's,Machine Learning;Big Data;Python,Web Development;Design,Graphic Designer,0.87,salary_data,Male,Bachelor's,Software Project Manager,9.0,95000.0
200.0,Micah Long,50.0,Master's,Machine Learning;Big Data;Python,Web Development;Design,Graphic Designer,0.87,salary_data,Female,Bachelor's,Supply Chain Analyst,22.0,130000.0
200.0,Micah Long,32.0,Master's,Machine Learning;Big Data;Python,Web Development;Design,Graphic Designer,0.87,salary_data,Male,Master's,Senior Business Analyst,6.0,90000.0
200.0,Micah Long,23.0,Master's,Machine Learning;Big Data;Python,Web Development;Design,Graphic Designer,0.87,salary_data,Female,Bachelor's,Junior Marketing Analyst,0.5,35000.0
200.0,Micah Long,31.0,Master's,Machine Learning;Big Data;Python,Web Development;Design,Graphic Designer,0.87,salary_data,Male,Master's,Senior Financial Analyst,6.0,95000.0
200.0,Micah Long,40.0,Master's,Machine Learning;Big Data;Python,Web Development;Design,Graphic Designer,0.87,salary_data,Female,Bachelor's,Office Manager,15.0,65000.0
200.0,Micah Long,48.0,Master's,Machine Learning;Big Data;Python,Web Development;Design,Graphic Designer,0.87,salary_data,Male,PhD,Principal Engineer,20.0,170000.0
200.0,Micah Long,29.0,Master's,Machine Learning;Big Data;Python,Web Development;Design,Graphic Designer,0.87,salary_data,Female,Bachelor's,Junior HR Generalist,3.0,45000.0
200.0,Micah Long,35.0,Master's,Machine Learning;Big Data;Python,Web Development;Design,Graphic Designer,0.87,salary_data,Male,Master's,Senior Product Manager,10.0,120000.0
200.0,Micah Long,42.0,Master's,Machine Learning;Big Data;Python,Web Development;Design,Graphic Designer,0.87,salary_data,Female,Bachelor's,Sales Manager,17.0,100000.0
200.0,Micah Long,53.0,Master's,Machine Learning;Big Data;Python,Web Development;Design,Graphic Designer,0.87,salary_data,Male,Master's,Director of Marketing,25.0,180000.0
200.0,Micah Long,33.0,Master's,Machine Learning;Big Data;Python,Web Development;Design,Graphic Designer,0.87,salary_data,Female,Bachelor's,Junior Operations Analyst,5.0,50000.0
200.0,Micah Long,38.0,Master's,Machine Learning;Big Data;Python,Web Development;Design,Graphic Designer,0.87,salary_data,Male,Bachelor's,Customer Service Manager,11.0,80000.0
200.0,Micah Long,44.0,Master's,Machine Learning;Big Data;Python,Web Development;Design,Graphic Designer,0.87,salary_data,Female,PhD,Senior Scientist,16.0,140000.0
200.0,Micah Long,26.0,Master's,Machine Learning;Big Data;Python,Web Development;Design,Graphic Designer,0.87,salary_data,Male,Bachelor's,Junior Accountant,2.0,40000.0
200.0,Micah Long,37.0,Master's,Machine Learning;Big Data;Python,Web Development;Design,Graphic Designer,0.87,salary_data,Female,Master's,Senior HR Generalist,9.0,95000.0
200.0,Micah Long,45.0,Master's,Machine Learning;Big Data;Python,Web Development;Design,Graphic Designer,0.87,salary_data,Male,Bachelor's,Sales Operations Manager,18.0,110000.0
200.0,Micah Long,32.0,Master's,Machine Learning;Big Data;Python,Web Development;Design,Graphic Designer,0.87,salary_data,Female,Bachelor's,Marketing Coordinator,4.0,50000.0
200.0,Micah Long,34.0,Master's,Machine Learning;Big Data;Python,Web Development;Design,Graphic Designer,0.87,salary_data,Male,Master's,Senior Software Developer,8.0,105000.0
200.0,Micah Long,50.0,Master's,Machine Learning;Big Data;Python,Web Development;Design,Graphic Designer,0.87,salary_data,Female,Master's,Director of Operations,21.0,160000.0
200.0,Micah Long,29.0,Master's,Machine Learning;Big Data;Python,Web Development;Design,Graphic Designer,0.87,salary_data,Male,Bachelor's,Junior Web Designer,3.0,45000.0
200.0,Micah Long,40.0,Master's,Machine Learning;Big Data;Python,Web Development;Design,Graphic Designer,0.87,salary_data,Female,Master's,Senior Training Specialist,12.0,100000.0
200.0,Micah Long,47.0,Master's,Machine Learning;Big Data;Python,Web Development;Design,Graphic Designer,0.87,salary_data,Male,PhD,Senior Research Scientist,22.0,160000.0
200.0,Micah Long,27.0,Master's,Machine Learning;Big Data;Python,Web Development;Design,Graphic Designer,0.87,salary_data,Male,Bachelor's,Junior Sales Representative,1.0,35000.0
200.0,Micah Long,39.0,Master's,Machine Learning;Big Data;Python,Web Development;Design,Graphic Designer,0.87,salary_data,Female,Bachelor's,Administrative Assistant,10.0,55000.0
200.0,Micah Long,46.0,Master's,Machine Learning;Big Data;Python,Web Development;Design,Graphic Designer,0.87,salary_data,Male,Master's,Senior Project Manager,19.0,140000.0
200.0,Micah Long,30.0,Master's,Machine Learning;Big Data;Python,Web Development;Design,Graphic Designer,0.87,salary_data,Female,Bachelor's,Junior Marketing Manager,4.0,50000.0
200.0,Micah Long,36.0,Master's,Machine Learning;Big Data;Python,Web Development;Design,Graphic Designer,0.87,salary_data,Male,Bachelor's,Junior Data Analyst,7.0,60000.0
200.0,Micah Long,43.0,Master's,Machine Learning;Big Data;Python,Web Development;Design,Graphic Designer,0.87,salary_data,Female,Master's,Senior Product Marketing Manager,14.0,120000.0
200.0,Micah Long,28.0,Master's,Machine Learning;Big Data;Python,Web Development;Design,Graphic Designer,0.87,salary_data,Male,Bachelor's,Junior Business Analyst,2.0,40000.0
200.0,Micah Long,41.0,Master's,Machine Learning;Big Data;Python,Web Development;Design,Graphic Designer,0.87,salary_data,Female,Master's,Senior Marketing Manager,13.0,110000.0
200.0,Micah Long,33.0,Master's,Machine Learning;Big Data;Python,Web Development;Design,Graphic Designer,0.87,salary_data,Male,Bachelor's,Junior Software Developer,5.0,50000.0
200.0,Micah Long,47.0,Master's,Machine Learning;Big Data;Python,Web Development;Design,Graphic Designer,0.87,salary_data,Male,Bachelor's,Senior Sales Manager,20.0,135000.0
200.0,Micah Long,25.0,Master's,Machine Learning;Big Data;Python,Web Development;Design,Graphic Designer,0.87,salary_data,Female,Master's,Junior Marketing Specialist,1.5,40000.0
200.0,Micah Long,34.0,Master's,Machine Learning;Big Data;Python,Web Development;Design,Graphic Designer,0.87,salary_data,Male,Bachelor's,Senior Business Analyst,8.0,90000.0
200.0,Micah Long,42.0,Master's,Machine Learning;Big Data;Python,Web Development;Design,Graphic Designer,0.87,salary_data,Female,PhD,Senior Data Scientist,16.0,150000.0
200.0,Micah Long,31.0,Master's,Machine Learning;Big Data;Python,Web Development;Design,Graphic Designer,0.87,salary_data,Male,Bachelor's,Junior Project Manager,4.0,60000.0
200.0,Micah Long,38.0,Master's,Machine Learning;Big Data;Python,Web Development;Design,Graphic Designer,0.87,salary_data,Female,Bachelor's,Senior Accountant,10.0,80000.0
200.0,Micah Long,45.0,Master's,Machine Learning;Big Data;Python,Web Development;Design,Graphic Designer,0.87,salary_data,Male,Master's,Director of Sales,19.0,175000.0
200.0,Micah Long,29.0,Master's,Machine Learning;Big Data;Python,Web Development;Design,Graphic Designer,0.87,salary_data,Female,Bachelor's,Junior Recruiter,3.0,45000.0
200.0,Micah Long,36.0,Master's,Machine Learning;Big Data;Python,Web Development;Design,Graphic Designer,0.87,salary_data,Male,Master's,Senior Business Development Manager,11.0,120000.0
200.0,Micah Long,43.0,Master's,Machine Learning;Big Data;Python,Web Development;Design,Graphic Designer,0.87,salary_data,Female,PhD,Senior Product Designer,18.0,140000.0
200.0,Micah Long,26.0,Master's,Machine Learning;Big Data;Python,Web Development;Design,Graphic Designer,0.87,salary_data,Male,Bachelor's,Junior Customer Support Specialist,2.0,35000.0
200.0,Micah Long,37.0,Master's,Machine Learning;Big Data;Python,Web Development;Design,Graphic Designer,0.87,salary_data,Female,Master's,Senior Marketing Analyst,9.0,95000.0
200.0,Micah Long,44.0,Master's,Machine Learning;Big Data;Python,Web Development;Design,Graphic Designer,0.87,salary_data,Male,Bachelor's,Senior IT Support Specialist,14.0,110000.0
200.0,Micah Long,32.0,Master's,Machine Learning;Big Data;Python,Web Development;Design,Graphic Designer,0.87,salary_data,Female,Bachelor's,Junior Financial Analyst,5.0,50000.0
200.0,Micah Long,33.0,Master's,Machine Learning;Big Data;Python,Web Development;Design,Graphic Designer,0.87,salary_data,Male,Master's,Senior Operations Manager,7.0,115000.0
200.0,Micah Long,51.0,Master's,Machine Learning;Big Data;Python,Web Development;Design,Graphic Designer,0.87,salary_data,Female,PhD,Director of Human Resources,23.0,185000.0
200.0,Micah Long,28.0,Master's,Machine Learning;Big Data;Python,Web Development;Design,Graphic Designer,0.87,salary_data,Male,Bachelor's,Junior Software Engineer,2.0,40000.0
200.0,Micah Long,39.0,Master's,Machine Learning;Big Data;Python,Web Development;Design,Graphic Designer,0.87,salary_data,Female,Bachelor's,Senior Sales Representative,12.0,90000.0
200.0,Micah Long,48.0,Master's,Machine Learning;Big Data;Python,Web Development;Design,Graphic Designer,0.87,salary_data,Male,Master's,Director of Product Management,21.0,175000.0
200.0,Micah Long,30.0,Master's,Machine Learning;Big Data;Python,Web Development;Design,Graphic Designer,0.87,salary_data,Female,Bachelor's,Junior Copywriter,3.0,45000.0
200.0,Micah Long,35.0,Master's,Machine Learning;Big Data;Python,Web Development;Design,Graphic Designer,0.87,salary_data,Male,Bachelor's,Senior Marketing Coordinator,7.0,80000.0
200.0,Micah Long,41.0,Master's,Machine Learning;Big Data;Python,Web Development;Design,Graphic Designer,0.87,salary_data,Female,Master's,Senior Human Resources Manager,13.0,120000.0
200.0,Micah Long,27.0,Master's,Machine Learning;Big Data;Python,Web Development;Design,Graphic Designer,0.87,salary_data,Male,Bachelor's,Junior Business Development Associate,1.5,35000.0
200.0,Micah Long,40.0,Master's,Machine Learning;Big Data;Python,Web Development;Design,Graphic Designer,0.87,salary_data,Female,Bachelor's,Senior Account Manager,14.0,110000.0
200.0,Micah Long,46.0,Master's,Machine Learning;Big Data;Python,Web Development;Design,Graphic Designer,0.87,salary_data,Male,PhD,Senior Researcher,18.0,150000.0
200.0,Micah Long,31.0,Master's,Machine Learning;Big Data;Python,Web Development;Design,Graphic Designer,0.87,salary_data,Female,Bachelor's,Junior HR Coordinator,4.0,50000.0
200.0,Micah Long,34.0,Master's,Machine Learning;Big Data;Python,Web Development;Design,Graphic Designer,0.87,salary_data,Male,Master's,Senior Software Engineer,9.0,105000.0
200.0,Micah Long,50.0,Master's,Machine Learning;Big Data;Python,Web Development;Design,Graphic Designer,0.87,salary_data,Female,Master's,Director of Finance,20.0,180000.0
200.0,Micah Long,29.0,Master's,Machine Learning;Big Data;Python,Web Development;Design,Graphic Designer,0.87,salary_data,Male,Bachelor's,Junior Marketing Coordinator,2.0,40000.0
200.0,Micah Long,29.0,Master's,Machine Learning;Big Data;Python,Web Development;Design,Graphic Designer,0.87,salary_data,Male,Bachelor's,Junior Marketing Coordinator,2.0,40000.0
200.0,Micah Long,43.0,Master's,Machine Learning;Big Data;Python,Web Development;Design,Graphic Designer,0.87,salary_data,Male,Bachelor's,Senior Project Manager,16.0,140000.0
200.0,Micah Long,26.0,Master's,Machine Learning;Big Data;Python,Web Development;Design,Graphic Designer,0.87,salary_data,Female,Master's,Junior Data Scientist,1.5,45000.0
200.0,Micah Long,35.0,Master's,Machine Learning;Big Data;Python,Web Development;Design,Graphic Designer,0.87,salary_data,Male,Bachelor's,Senior Operations Analyst,7.0,85000.0
200.0,Micah Long,42.0,Master's,Machine Learning;Big Data;Python,Web Development;Design,Graphic Designer,0.87,salary_data,Female,PhD,Senior Marketing Manager,18.0,140000.0
200.0,Micah Long,31.0,Master's,Machine Learning;Big Data;Python,Web Development;Design,Graphic Designer,0.87,salary_data,Male,Bachelor's,Junior Accountant,4.0,50000.0
200.0,Micah Long,38.0,Master's,Machine Learning;Big Data;Python,Web Development;Design,Graphic Designer,0.87,salary_data,Female,Bachelor's,Senior Human Resources Coordinator,10.0,80000.0
200.0,Micah Long,46.0,Master's,Machine Learning;Big Data;Python,Web Development;Design,Graphic Designer,0.87,salary_data,Male,Master's,Director of Operations,20.0,170000.0
200.0,Micah Long,29.0,Master's,Machine Learning;Big Data;Python,Web Development;Design,Graphic Designer,0.87,salary_data,Female,Bachelor's,Junior Sales Representative,2.0,40000.0
200.0,Micah Long,37.0,Master's,Machine Learning;Big Data;Python,Web Development;Design,Graphic Designer,0.87,salary_data,Male,Master's,Senior Business Analyst,9.0,105000.0
200.0,Micah Long,44.0,Master's,Machine Learning;Big Data;Python,Web Development;Design,Graphic Designer,0.87,salary_data,Female,PhD,Senior UX Designer,15.0,145000.0
200.0,Micah Long,27.0,Master's,Machine Learning;Big Data;Python,Web Development;Design,Graphic Designer,0.87,salary_data,Male,Bachelor's,Junior Product Manager,2.0,40000.0
200.0,Micah Long,36.0,Master's,Machine Learning;Big Data;Python,Web Development;Design,Graphic Designer,0.87,salary_data,Female,Bachelor's,Senior Marketing Specialist,8.0,85000.0
200.0,Micah Long,43.0,Master's,Machine Learning;Big Data;Python,Web Development;Design,Graphic Designer,0.87,salary_data,Male,Bachelor's,Senior IT Project Manager,14.0,130000.0
200.0,Micah Long,33.0,Master's,Machine Learning;Big Data;Python,Web Development;Design,Graphic Designer,0.87,salary_data,Female,Master's,Senior Financial Analyst,6.0,95000.0
200.0,Micah Long,34.0,Master's,Machine Learning;Big Data;Python,Web Development;Design,Graphic Designer,0.87,salary_data,Male,Bachelor's,Senior Quality Assurance Analyst,9.0,100000.0
200.0,Micah Long,50.0,Master's,Machine Learning;Big Data;Python,Web Development;Design,Graphic Designer,0.87,salary_data,Female,PhD,Director of Sales and Marketing,22.0,180000.0
200.0,Micah Long,28.0,Master's,Machine Learning;Big Data;Python,Web Development;Design,Graphic Designer,0.87,salary_data,Male,Bachelor's,Junior Operations Analyst,1.5,35000.0
200.0,Micah Long,39.0,Master's,Machine Learning;Big Data;Python,Web Development;Design,Graphic Designer,0.87,salary_data,Female,Bachelor's,Senior Account Executive,12.0,95000.0
200.0,Micah Long,47.0,Master's,Machine Learning;Big Data;Python,Web Development;Design,Graphic Designer,0.87,salary_data,Male,Master's,Director of Business Development,19.0,170000.0
200.0,Micah Long,30.0,Master's,Machine Learning;Big Data;Python,Web Development;Design,Graphic Designer,0.87,salary_data,Female,Bachelor's,Junior Social Media Manager,3.0,45000.0
200.0,Micah Long,34.0,Master's,Machine Learning;Big Data;Python,Web Development;Design,Graphic Designer,0.87,salary_data,Male,Bachelor's,Senior Product Manager,7.0,95000.0
200.0,Micah Long,40.0,Master's,Machine Learning;Big Data;Python,Web Development;Design,Graphic Designer,0.87,salary_data,Female,Master's,Senior Human Resources Specialist,13.0,120000.0
200.0,Micah Long,41.0,Master's,Machine Learning;Big Data;Python,Web Development;Design,Graphic Designer,0.87,salary_data,Female,Bachelor's,Senior Marketing Coordinator,11.0,90000.0
200.0,Micah Long,45.0,Master's,Machine Learning;Big Data;Python,Web Development;Design,Graphic Designer,0.87,salary_data,Male,PhD,Senior Data Analyst,17.0,155000.0
200.0,Micah Long,32.0,Master's,Machine Learning;Big Data;Python,Web Development;Design,Graphic Designer,0.87,salary_data,Female,Bachelor's,Junior Account Manager,5.0,55000.0
200.0,Micah Long,35.0,Master's,Machine Learning;Big Data;Python,Web Development;Design,Graphic Designer,0.87,salary_data,Male,Master's,Senior Software Developer,9.0,110000.0
200.0,Micah Long,49.0,Master's,Machine Learning;Big Data;Python,Web Development;Design,Graphic Designer,0.87,salary_data,Female,Master's,Director of Human Capital,21.0,180000.0
200.0,Micah Long,30.0,Master's,Machine Learning;Big Data;Python,Web Development;Design,Graphic Designer,0.87,salary_data,Male,Bachelor's,Junior Advertising Coordinator,3.0,45000.0
200.0,Micah Long,44.0,Master's,Machine Learning;Big Data;Python,Web Development;Design,Graphic Designer,0.87,salary_data,Male,Bachelor's,Senior Sales Manager,16.0,130000.0
200.0,Micah Long,27.0,Master's,Machine Learning;Big Data;Python,Web Development;Design,Graphic Designer,0.87,salary_data,Female,Master's,Junior UX Designer,1.5,45000.0
200.0,Micah Long,36.0,Master's,Machine Learning;Big Data;Python,Web Development;Design,Graphic Designer,0.87,salary_data,Male,Bachelor's,Senior Accountant,7.0,90000.0
200.0,Micah Long,41.0,Master's,Machine Learning;Big Data;Python,Web Development;Design,Graphic Designer,0.87,salary_data,Female,PhD,Senior Marketing Director,17.0,160000.0
200.0,Micah Long,31.0,Master's,Machine Learning;Big Data;Python,Web Development;Design,Graphic Designer,0.87,salary_data,Male,Bachelor's,Junior HR Generalist,4.0,50000.0
200.0,Micah Long,39.0,Master's,Machine Learning;Big Data;Python,Web Development;Design,Graphic Designer,0.87,salary_data,Female,Bachelor's,Senior Operations Manager,10.0,120000.0
200.0,Micah Long,47.0,Master's,Machine Learning;Big Data;Python,Web Development;Design,Graphic Designer,0.87,salary_data,Male,Master's,Director of Finance,20.0,170000.0
200.0,Micah Long,30.0,Master's,Machine Learning;Big Data;Python,Web Development;Design,Graphic Designer,0.87,salary_data,Female,Bachelor's,Junior Marketing Coordinator,2.0,40000.0
200.0,Micah Long,38.0,Master's,Machine Learning;Big Data;Python,Web Development;Design,Graphic Designer,0.87,salary_data,Male,Master's,Senior IT Consultant,9.0,110000.0
200.0,Micah Long,45.0,Master's,Machine Learning;Big Data;Python,Web Development;Design,Graphic Designer,0.87,salary_data,Female,PhD,Senior Product Designer,15.0,150000.0
200.0,Micah Long,28.0,Master's,Machine Learning;Big Data;Python,Web Development;Design,Graphic Designer,0.87,salary_data,Male,Bachelor's,Junior Business Development Associate,2.0,40000.0
200.0,Micah Long,35.0,Master's,Machine Learning;Big Data;Python,Web Development;Design,Graphic Designer,0.87,salary_data,Female,Bachelor's,Senior Marketing Analyst,8.0,85000.0
200.0,Micah Long,44.0,Master's,Machine Learning;Big Data;Python,Web Development;Design,Graphic Designer,0.87,salary_data,Male,Bachelor's,Senior Software Engineer,14.0,130000.0
200.0,Micah Long,34.0,Master's,Machine Learning;Big Data;Python,Web Development;Design,Graphic Designer,0.87,salary_data,Female,Master's,Senior Financial Advisor,6.0,100000.0
200.0,Micah Long,35.0,Master's,Machine Learning;Big Data;Python,Web Development;Design,Graphic Designer,0.87,salary_data,Male,Bachelor's,Senior Project Coordinator,9.0,95000.0
200.0,Micah Long,50.0,Master's,Machine Learning;Big Data;Python,Web Development;Design,Graphic Designer,0.87,salary_data,Female,PhD,Director of Operations,22.0,180000.0
200.0,Micah Long,29.0,Master's,Machine Learning;Big Data;Python,Web Development;Design,Graphic Designer,0.87,salary_data,Male,Bachelor's,Junior Business Operations Analyst,1.5,35000.0
200.0,Micah Long,40.0,Master's,Machine Learning;Big Data;Python,Web Development;Design,Graphic Designer,0.87,salary_data,Female,Bachelor's,Senior Sales Representative,12.0,100000.0
200.0,Micah Long,48.0,Master's,Machine Learning;Big Data;Python,Web Development;Design,Graphic Designer,0.87,salary_data,Male,Master's,Director of Marketing,19.0,170000.0
200.0,Micah Long,31.0,Master's,Machine Learning;Big Data;Python,Web Development;Design,Graphic Designer,0.87,salary_data,Female,Bachelor's,Junior Social Media Specialist,3.0,45000.0
200.0,Micah Long,33.0,Master's,Machine Learning;Big Data;Python,Web Development;Design,Graphic Designer,0.87,salary_data,Male,Bachelor's,Senior Product Development Manager,7.0,100000.0
200.0,Micah Long,42.0,Master's,Machine Learning;Big Data;Python,Web Development;Design,Graphic Designer,0.87,salary_data,Female,Master's,Senior Human Resources Manager,13.0,140000.0
200.0,Micah Long,28.0,Master's,Machine Learning;Big Data;Python,Web Development;Design,Graphic Designer,0.87,salary_data,Male,Bachelor's,Junior Financial Analyst,2.0,40000.0
200.0,Micah Long,40.0,Master's,Machine Learning;Big Data;Python,Web Development;Design,Graphic Designer,0.87,salary_data,Female,Bachelor's,Senior Marketing Manager,11.0,105000.0
200.0,Micah Long,46.0,Master's,Machine Learning;Big Data;Python,Web Development;Design,Graphic Designer,0.87,salary_data,Male,PhD,Senior Data Scientist,18.0,160000.0
200.0,Micah Long,33.0,Master's,Machine Learning;Big Data;Python,Web Development;Design,Graphic Designer,0.87,salary_data,Female,Bachelor's,Junior Operations Manager,5.0,70000.0
200.0,Micah Long,37.0,Master's,Machine Learning;Big Data;Python,Web Development;Design,Graphic Designer,0.87,salary_data,Male,Master's,Senior Software Architect,9.0,120000.0
200.0,Micah Long,51.0,Master's,Machine Learning;Big Data;Python,Web Development;Design,Graphic Designer,0.87,salary_data,Female,Master's,Director of Human Resources,21.0,190000.0
200.0,Micah Long,30.0,Master's,Machine Learning;Big Data;Python,Web Development;Design,Graphic Designer,0.87,salary_data,Male,Bachelor's,Junior Marketing Specialist,3.0,45000.0
200.0,Micah Long,43.0,Master's,Machine Learning;Big Data;Python,Web Development;Design,Graphic Designer,0.87,salary_data,Male,Bachelor's,Senior Project Manager,15.0,120000.0
200.0,Micah Long,27.0,Master's,Machine Learning;Big Data;Python,Web Development;Design,Graphic Designer,0.87,salary_data,Female,Master's,Junior Research Scientist,1.5,50000.0
200.0,Micah Long,35.0,Master's,Machine Learning;Big Data;Python,Web Development;Design,Graphic Designer,0.87,salary_data,Male,Bachelor's,Senior Operations Analyst,8.0,85000.0
200.0,Micah Long,42.0,Master's,Machine Learning;Big Data;Python,Web Development;Design,Graphic Designer,0.87,salary_data,Female,PhD,Senior Marketing Manager,13.0,140000.0
200.0,Micah Long,32.0,Master's,Machine Learning;Big Data;Python,Web Development;Design,Graphic Designer,0.87,salary_data,Male,Bachelor's,Junior Sales Representative,3.0,45000.0
200.0,Micah Long,37.0,Master's,Machine Learning;Big Data;Python,Web Development;Design,Graphic Designer,0.87,salary_data,Female,Bachelor's,Senior Financial Analyst,9.0,100000.0
200.0,Micah Long,45.0,Master's,Machine Learning;Big Data;Python,Web Development;Design,Graphic Designer,0.87,salary_data,Male,Master's,Senior Software Developer,16.0,140000.0
200.0,Micah Long,33.0,Master's,Machine Learning;Big Data;Python,Web Development;Design,Graphic Designer,0.87,salary_data,Female,Bachelor's,Junior Operations Analyst,5.0,70000.0
200.0,Micah Long,39.0,Master's,Machine Learning;Big Data;Python,Web Development;Design,Graphic Designer,0.87,salary_data,Male,Bachelor's,Senior Marketing Specialist,10.0,120000.0
200.0,Micah Long,44.0,Master's,Machine Learning;Big Data;Python,Web Development;Design,Graphic Designer,0.87,salary_data,Female,PhD,Senior HR Manager,18.0,160000.0
200.0,Micah Long,29.0,Master's,Machine Learning;Big Data;Python,Web Development;Design,Graphic Designer,0.87,salary_data,Male,Bachelor's,Junior Business Analyst,1.5,40000.0
200.0,Micah Long,38.0,Master's,Machine Learning;Big Data;Python,Web Development;Design,Graphic Designer,0.87,salary_data,Female,Bachelor's,Senior Product Manager,10.0,120000.0
200.0,Micah Long,46.0,Master's,Machine Learning;Big Data;Python,Web Development;Design,Graphic Designer,0.87,salary_data,Male,PhD,Senior Data Analyst,19.0,150000.0
200.0,Micah Long,34.0,Master's,Machine Learning;Big Data;Python,Web Development;Design,Graphic Designer,0.87,salary_data,Female,Bachelor's,Junior Marketing Analyst,6.0,70000.0
200.0,Micah Long,36.0,Master's,Machine Learning;Big Data;Python,Web Development;Design,Graphic Designer,0.87,salary_data,Male,Bachelor's,Senior Operations Manager,8.0,95000.0
200.0,Micah Long,49.0,Master's,Machine Learning;Big Data;Python,Web Development;Design,Graphic Designer,0.87,salary_data,Female,Master's,Director of Marketing,21.0,180000.0
200.0,Micah Long,31.0,Master's,Machine Learning;Big Data;Python,Web Development;Design,Graphic Designer,0.87,salary_data,Male,Bachelor's,Junior Financial Analyst,3.0,50000.0
200.0,Micah Long,41.0,Master's,Machine Learning;Big Data;Python,Web Development;Design,Graphic Designer,0.87,salary_data,Female,Bachelor's,Senior Project Coordinator,11.0,95000.0
200.0,Micah Long,47.0,Master's,Machine Learning;Big Data;Python,Web Development;Design,Graphic Designer,0.87,salary_data,Male,Master's,Director of Operations,20.0,170000.0
200.0,Micah Long,29.0,Master's,Machine Learning;Big Data;Python,Web Development;Design,Graphic Designer,0.87,salary_data,Male,Bachelor's,Junior Business Operations Analyst,1.5,350.0
200.0,Micah Long,37.0,Master's,Machine Learning;Big Data;Python,Web Development;Design,Graphic Designer,0.87,salary_data,Female,Bachelor's,Senior Financial Manager,10.0,120000.0
200.0,Micah Long,31.0,Master's,Machine Learning;Big Data;Python,Web Development;Design,Graphic Designer,0.87,salary_data,Female,Bachelor's,Junior Marketing Coordinator,3.0,50000.0
200.0,Micah Long,42.0,Master's,Machine Learning;Big Data;Python,Web Development;Design,Graphic Designer,0.87,salary_data,Male,Bachelor's,Senior Operations Manager,12.0,110000.0
200.0,Micah Long,29.0,Master's,Machine Learning;Big Data;Python,Web Development;Design,Graphic Designer,0.87,salary_data,Female,Bachelor's,Junior Sales Representative,1.5,40000.0
200.0,Micah Long,36.0,Master's,Machine Learning;Big Data;Python,Web Development;Design,Graphic Designer,0.87,salary_data,Male,Bachelor's,Senior Marketing Specialist,8.0,95000.0
200.0,Micah Long,44.0,Master's,Machine Learning;Big Data;Python,Web Development;Design,Graphic Designer,0.87,salary_data,Female,Master's,Senior HR Specialist,15.0,140000.0
200.0,Micah Long,33.0,Master's,Machine Learning;Big Data;Python,Web Development;Design,Graphic Designer,0.87,salary_data,Male,Bachelor's,Junior Operations Manager,4.0,60000.0
200.0,Micah Long,39.0,Master's,Machine Learning;Big Data;Python,Web Development;Design,Graphic Designer,0.87,salary_data,Female,Bachelor's,Senior Marketing Coordinator,9.0,110000.0
200.0,Micah Long,45.0,Master's,Machine Learning;Big Data;Python,Web Development;Design,Graphic Designer,0.87,salary_data,Male,PhD,Senior Data Engineer,16.0,150000.0
200.0,Micah Long,32.0,Master's,Machine Learning;Big Data;Python,Web Development;Design,Graphic Designer,0.87,salary_data,Female,Bachelor's,Junior Marketing Manager,4.0,60000.0
200.0,Micah Long,37.0,Master's,Machine Learning;Big Data;Python,Web Development;Design,Graphic Designer,0.87,salary_data,Male,Bachelor's,Senior Financial Analyst,8.0,90000.0
200.0,Micah Long,47.0,Master's,Machine Learning;Big Data;Python,Web Development;Design,Graphic Designer,0.87,salary_data,Female,Master's,Director of Marketing,20.0,180000.0
200.0,Micah Long,30.0,Master's,Machine Learning;Big Data;Python,Web Development;Design,Graphic Designer,0.87,salary_data,Male,Bachelor's,Junior Business Analyst,2.0,40000.0
200.0,Micah Long,38.0,Master's,Machine Learning;Big Data;Python,Web Development;Design,Graphic Designer,0.87,salary_data,Female,Bachelor's,Senior Project Manager,9.0,120000.0
200.0,Micah Long,46.0,Master's,Machine Learning;Big Data;Python,Web Development;Design,Graphic Designer,0.87,salary_data,Male,PhD,Senior Data Analyst,17.0,160000.0
200.0,Micah Long,34.0,Master's,Machine Learning;Big Data;Python,Web Development;Design,Graphic Designer,0.87,salary_data,Female,Bachelor's,Junior Financial Analyst,5.0,70000.0
200.0,Micah Long,36.0,Master's,Machine Learning;Big Data;Python,Web Development;Design,Graphic Designer,0.87,salary_data,Male,Bachelor's,Senior Product Manager,8.0,95000.0
200.0,Micah Long,49.0,Master's,Machine Learning;Big Data;Python,Web Development;Design,Graphic Designer,0.87,salary_data,Female,Master's,Director of Operations,21.0,180000.0
200.0,Micah Long,31.0,Master's,Machine Learning;Big Data;Python,Web Development;Design,Graphic Designer,0.87,salary_data,Male,Bachelor's,Junior Operations Analyst,3.0,50000.0
200.0,Micah Long,47.0,Master's,Machine Learning;Big Data;Python,Web Development;Design,Graphic Designer,0.87,salary_data,Male,Master's,Director of Marketing,19.0,170000.0
200.0,Micah Long,29.0,Master's,Machine Learning;Big Data;Python,Web Development;Design,Graphic Designer,0.87,salary_data,Female,Bachelor's,Junior Business Development Associate,1.5,35000.0
200.0,Micah Long,35.0,Master's,Machine Learning;Big Data;Python,Web Development;Design,Graphic Designer,0.87,salary_data,Male,Bachelor's,Senior Financial Manager,9.0,100000.0
200.0,Micah Long,44.0,Master's,Machine Learning;Big Data;Python,Web Development;Design,Graphic Designer,0.87,salary_data,Female,PhD,Senior Product Designer,15.0,150000.0
200.0,Micah Long,33.0,Master's,Machine Learning;Big Data;Python,Web Development;Design,Graphic Designer,0.87,salary_data,Male,Bachelor's,Junior Business Analyst,4.0,60000.0
200.0,Micah Long,44.0,Master's,Machine Learning;Big Data;Python,Web Development;Design,Graphic Designer,0.87,salary_data,Male,Bachelor's,Senior Software Engineer,13.0,130000.0
200.0,Micah Long,32.0,Master's,Machine Learning;Big Data;Python,Web Development;Design,Graphic Designer,0.87,salary_data,Male,Bachelor's,Junior Product Manager,4.0,65000.0
200.0,Micah Long,38.0,Master's,Machine Learning;Big Data;Python,Web Development;Design,Graphic Designer,0.87,salary_data,Female,Bachelor's,Senior Business Analyst,10.0,110000.0
200.0,Micah Long,49.0,Master's,Machine Learning;Big Data;Python,Web Development;Design,Graphic Designer,0.87,salary_data,Male,PhD,Director of Operations,21.0,180000.0
200.0,Micah Long,29.0,Master's,Machine Learning;Big Data;Python,Web Development;Design,Graphic Designer,0.87,salary_data,Female,Bachelor's,Junior Marketing Specialist,2.0,40000.0
200.0,Micah Long,35.0,Master's,Machine Learning;Big Data;Python,Web Development;Design,Graphic Designer,0.87,salary_data,Male,Bachelor's,Senior Business Development Manager,7.0,90000.0
200.0,Micah Long,45.0,Master's,Machine Learning;Big Data;Python,Web Development;Design,Graphic Designer,0.87,salary_data,Female,Master's,Senior HR Manager,14.0,140000.0
200.0,Micah Long,33.0,Master's,Machine Learning;Big Data;Python,Web Development;Design,Graphic Designer,0.87,salary_data,Male,Bachelor's,Junior Financial Analyst,4.0,60000.0
200.0,Micah Long,40.0,Master's,Machine Learning;Big Data;Python,Web Development;Design,Graphic Designer,0.87,salary_data,Female,Bachelor's,Senior Marketing Manager,12.0,130000.0
200.0,Micah Long,44.0,Master's,Machine Learning;Big Data;Python,Web Development;Design,Graphic Designer,0.87,salary_data,Male,PhD,Senior Data Scientist,16.0,160000.0
200.0,Micah Long,30.0,Master's,Machine Learning;Big Data;Python,Web Development;Design,Graphic Designer,0.87,salary_data,Female,Bachelor's,Junior Operations Coordinator,2.0,40000.0
200.0,Micah Long,37.0,Master's,Machine Learning;Big Data;Python,Web Development;Design,Graphic Designer,0.87,salary_data,Male,Bachelor's,Senior Marketing Analyst,9.0,100000.0
200.0,Micah Long,48.0,Master's,Machine Learning;Big Data;Python,Web Development;Design,Graphic Designer,0.87,salary_data,Female,Master's,Director of HR,20.0,180000.0
200.0,Micah Long,31.0,Master's,Machine Learning;Big Data;Python,Web Development;Design,Graphic Designer,0.87,salary_data,Male,Bachelor's,Junior Project Manager,3.0,55000.0
200.0,Micah Long,38.0,Master's,Machine Learning;Big Data;Python,Web Development;Design,Graphic Designer,0.87,salary_data,Female,Bachelor's,Senior Operations Coordinator,9.0,120000.0
200.0,Micah Long,33.0,Master's,Machine Learning;Big Data;Python,Web Development;Design,Graphic Designer,0.87,salary_data,Female,Bachelor's,Junior Marketing Manager,5.0,70000.0
200.0,Micah Long,36.0,Master's,Machine Learning;Big Data;Python,Web Development;Design,Graphic Designer,0.87,salary_data,Male,Bachelor's,Senior Business Analyst,8.0,95000.0
200.0,Micah Long,42.0,Master's,Machine Learning;Big Data;Python,Web Development;Design,Graphic Designer,0.87,salary_data,Female,Bachelor's,Senior Project Manager,12.0,120000.0
200.0,Micah Long,34.0,Master's,Machine Learning;Big Data;Python,Web Development;Design,Graphic Designer,0.87,salary_data,Female,Master's,Senior Financial Advisor,6.0,80000.0
200.0,Micah Long,30.0,Master's,Machine Learning;Big Data;Python,Web Development;Design,Graphic Designer,0.87,salary_data,Female,Bachelor's,Junior HR Coordinator,2.0,40000.0
200.0,Micah Long,37.0,Master's,Machine Learning;Big Data;Python,Web Development;Design,Graphic Designer,0.87,salary_data,Male,Bachelor's,Senior Business Development Manager,10.0,120000.0
200.0,Micah Long,45.0,Master's,Machine Learning;Big Data;Python,Web Development;Design,Graphic Designer,0.87,salary_data,Female,Master's,Senior Marketing Manager,16.0,160000.0
200.0,Micah Long,32.0,Master's,Machine Learning;Big Data;Python,Web Development;Design,Graphic Designer,0.87,salary_data,Male,Bachelor's,Junior Financial Advisor,4.0,65000.0
200.0,Micah Long,39.0,Master's,Machine Learning;Big Data;Python,Web Development;Design,Graphic Designer,0.87,salary_data,Female,Bachelor's,Senior Project Manager,12.0,130000.0
200.0,Micah Long,47.0,Master's,Machine Learning;Big Data;Python,Web Development;Design,Graphic Designer,0.87,salary_data,Male,PhD,Director of Engineering,20.0,180000.0
200.0,Micah Long,29.0,Master's,Machine Learning;Big Data;Python,Web Development;Design,Graphic Designer,0.87,salary_data,Female,Bachelor's,Junior Marketing Analyst,2.0,40000.0
200.0,Micah Long,36.0,Master's,Machine Learning;Big Data;Python,Web Development;Design,Graphic Designer,0.87,salary_data,Male,Bachelor's,Senior Operations Manager,9.0,100000.0
200.0,Micah Long,43.0,Master's,Machine Learning;Big Data;Python,Web Development;Design,Graphic Designer,0.87,salary_data,Female,PhD,Senior Data Scientist,15.0,150000.0
200.0,Micah Long,32.0,Master's,Machine Learning;Big Data;Python,Web Development;Design,Graphic Designer,0.87,salary_data,Male,Bachelor's,Junior Marketing Coordinator,3.0,55000.0
200.0,Micah Long,48.0,Master's,Machine Learning;Big Data;Python,Web Development;Design,Graphic Designer,0.87,salary_data,Male,Master's,Director of Marketing,21.0,180000.0
200.0,Micah Long,31.0,Master's,Machine Learning;Big Data;Python,Web Development;Design,Graphic Designer,0.87,salary_data,Female,Bachelor's,Junior Business Development Associate,3.0,50000.0
200.0,Micah Long,40.0,Master's,Machine Learning;Big Data;Python,Web Development;Design,Graphic Designer,0.87,salary_data,Male,Bachelor's,Senior Financial Analyst,12.0,130000.0
200.0,Micah Long,45.0,Master's,Machine Learning;Big Data;Python,Web Development;Design,Graphic Designer,0.87,salary_data,Female,PhD,Senior UX Designer,16.0,160000.0
200.0,Micah Long,33.0,Master's,Machine Learning;Big Data;Python,Web Development;Design,Graphic Designer,0.87,salary_data,Male,Bachelor's,Junior Product Manager,4.0,60000.0
200.0,Micah Long,36.0,Master's,Machine Learning;Big Data;Python,Web Development;Design,Graphic Designer,0.87,salary_data,Female,Bachelor's,Senior Marketing Manager,8.0,95000.0
200.0,Micah Long,47.0,Master's,Machine Learning;Big Data;Python,Web Development;Design,Graphic Designer,0.87,salary_data,Male,Master's,Director of Operations,19.0,170000.0
200.0,Micah Long,29.0,Master's,Machine Learning;Big Data;Python,Web Development;Design,Graphic Designer,0.87,salary_data,Female,Bachelor's,Junior Project Manager,2.0,40000.0
200.0,Micah Long,34.0,Master's,Machine Learning;Big Data;Python,Web Development;Design,Graphic Designer,0.87,salary_data,Male,Bachelor's,Senior Operations Coordinator,7.0,90000.0
200.0,Micah Long,44.0,Master's,Machine Learning;Big Data;Python,Web Development;Design,Graphic Designer,0.87,salary_data,Female,PhD,Senior Business Analyst,15.0,150000.0
200.0,Micah Long,33.0,Master's,Machine Learning;Big Data;Python,Web Development;Design,Graphic Designer,0.87,salary_data,Male,Bachelor's,Junior Marketing Specialist,5.0,70000.0
200.0,Micah Long,35.0,Master's,Machine Learning;Big Data;Python,Web Development;Design,Graphic Designer,0.87,salary_data,Female,Bachelor's,Senior Financial Manager,8.0,90000.0
200.0,Micah Long,43.0,Master's,Machine Learning;Big Data;Python,Web Development;Design,Graphic Designer,0.87,salary_data,Male,Master's,Director of Marketing,18.0,170000.0
200.0,Micah Long,31.0,Master's,Machine Learning;Big Data;Python,Web Development;Design,Graphic Designer,0.87,salary_data,Female,Bachelor's,Junior Financial Analyst,3.0,50000.0
200.0,Micah Long,41.0,Master's,Machine Learning;Big Data;Python,Web Development;Design,Graphic Designer,0.87,salary_data,Male,Bachelor's,Senior Product Manager,14.0,150000.0
200.0,Micah Long,44.0,Master's,Machine Learning;Big Data;Python,Web Development;Design,Graphic Designer,0.87,salary_data,Female,PhD,Senior Data Engineer,16.0,160000.0
200.0,Micah Long,45.0,Master's,Machine Learning;Big Data;Python,Web Development;Design,Graphic Designer,0.87,salary_data,Male,Master's,Director of Engineering,19.0,180000.0
200.0,Micah Long,28.0,Master's,Machine Learning;Big Data;Python,Web Development;Design,Graphic Designer,0.87,salary_data,Female,Bachelor's,Junior Operations Manager,1.0,35000.0
200.0,Micah Long,36.0,Master's,Machine Learning;Big Data;Python,Web Development;Design,Graphic Designer,0.87,salary_data,Male,Bachelor's,Senior Business Development Manager,8.0,110000.0
200.0,Micah Long,44.0,Master's,Machine Learning;Big Data;Python,Web Development;Design,Graphic Designer,0.87,salary_data,Female,PhD,Senior Data Scientist,16.0,160000.0
200.0,Micah Long,31.0,Master's,Machine Learning;Big Data;Python,Web Development;Design,Graphic Designer,0.87,salary_data,Male,Bachelor's,Junior Marketing Coordinator,3.0,55000.0
200.0,Micah Long,43.0,Master's,Machine Learning;Big Data;Python,Web Development;Design,Graphic Designer,0.87,salary_data,Male,Master's,Director of Operations,19.0,170000.0
